municipio,curso,grau,eixo,ofertado_prosel_2026,vagas_regulares,D4_demanda_municipal,demanda_composta,necessidade_norm,aderencia_setorial,concorrencia_norm,nivel_concorrencia,n_ies_presenciais,n_cursos_concorrentes,II,IE,IP,prioridade_final,decisao_final
Altamira,Saúde Coletiva,Bacharelado,SAUDE,False,0,0.50920989,0.5894185750194592,0.7097316025486479,0.65,0.7619047619047619,Muito Alta,5,7,0.6747346636191902,0.5006237741474927,0.6747346636191902,Alta,Implantar curso
Altamira,Enfermagem,Bacharelado,SAUDE,True,20,0.50920989,0.5894185750194592,0.7097316025486479,0.65,0.7619047619047619,Muito Alta,5,7,0.6747346636191902,0.5422904408141593,0.5422904408141593,Alta,Expandir vagas
Altamira,Fisioterapia,Bacharelado,SAUDE,False,0,0.50920989,0.5894185750194592,0.7097316025486479,0.65,0.7619047619047619,Muito Alta,5,7,0.6747346636191902,0.5006237741474927,0.6747346636191902,Alta,Implantar curso
Altamira,Fonoaudiologia,Bacharelado,SAUDE,False,0,0.50920989,0.5894185750194592,0.7097316025486479,0.65,0.7619047619047619,Muito Alta,5,7,0.6747346636191902,0.5006237741474927,0.6747346636191902,Alta,Implantar curso
Altamira,Terapia Ocupacional,Bacharelado,SAUDE,False,0,0.50920989,0.5894185750194592,0.7097316025486479,0.65,0.7619047619047619,Muito Alta,5,7,0.6747346636191902,0.5006237741474927,0.6747346636191902,Alta,Implantar curso
Altamira,Engenharia Civil,Bacharelado,ENGENHARIA_TEC,False,0,0.50920989,0.5142568852929099,0.5218273782322749,0.35,0.7619047619047619,Muito Alta,5,7,0.5452101006221322,0.43673633787992583,0.5452101006221322,Alta,Implantar curso
Altamira,Ciências Naturais,Licenciatura,EDUCACAO,False,0,0.50920989,0.5111931342024693,0.5141680005061732,0.65,0.7619047619047619,Muito Alta,5,7,0.6023761308634745,0.4341321494530513,0.6023761308634745,Alta,Implantar curso
Altamira,Educação Física (Bacharelado),Bacharelado,SAUDE,True,40,0.50920989,0.5894185750194592,0.7097316025486479,0.65,0.7619047619047619,Muito Alta,5,7,0.6747346636191902,0.583957107480826,0.583957107480826,Alta,Expandir vagas
Altamira,Engenharia Ambiental e Sanitária,Bacharelado,ENGENHARIA_TEC,True,40,0.50920989,0.5142568852929099,0.5218273782322749,0.35,0.7619047619047619,Muito Alta,5,7,0.5452101006221322,0.5200696712132591,0.5200696712132591,Alta,Expandir vagas
Altamira,Física,Licenciatura,EDUCACAO,False,0,0.50920989,0.5111931342024693,0.5141680005061732,0.65,0.7619047619047619,Muito Alta,5,7,0.6023761308634745,0.4341321494530513,0.6023761308634745,Alta,Implantar curso
Altamira,Medicina,Bacharelado,SAUDE,False,0,0.50920989,0.5894185750194592,0.7097316025486479,0.65,0.7619047619047619,Muito Alta,5,7,0.6747346636191902,0.5006237741474927,0.6747346636191902,Alta,Implantar curso
Altamira,Biomedicina,Bacharelado,SAUDE,False,0,0.50920989,0.5894185750194592,0.7097316025486479,0.65,0.7619047619047619,Muito Alta,5,7,0.6747346636191902,0.5006237741474927,0.6747346636191902,Alta,Implantar curso
Altamira,Engenharia Florestal,Bacharelado,ENGENHARIA_TEC,False,0,0.50920989,0.5107201737914044,0.5129855994785112,0.35,0.7619047619047619,Muito Alta,5,7,0.5419386424832395,0.43373013310364616,0.5419386424832395,Alta,Implantar curso
Altamira,Ciências Biológicas,Licenciatura,EDUCACAO,False,0,0.50920989,0.5111931342024693,0.5141680005061732,0.65,0.7619047619047619,Muito Alta,5,7,0.6023761308634745,0.4341321494530513,0.6023761308634745,Alta,Implantar curso
Altamira,Educação Física (Licenciatura),Licenciatura,EDUCACAO,False,0,0.50920989,0.5111931342024693,0.5141680005061732,0.65,0.7619047619047619,Muito Alta,5,7,0.6023761308634745,0.4341321494530513,0.6023761308634745,Alta,Implantar curso
Altamira,Filosofia,Licenciatura,EDUCACAO,False,0,0.50920989,0.5111931342024693,0.5141680005061732,0.65,0.7619047619047619,Muito Alta,5,7,0.6023761308634745,0.4341321494530513,0.6023761308634745,Alta,Implantar curso
Altamira,Geografia,Licenciatura,EDUCACAO,False,0,0.50920989,0.5111931342024693,0.5141680005061732,0.65,0.7619047619047619,Muito Alta,5,7,0.6023761308634745,0.4341321494530513,0.6023761308634745,Alta,Implantar curso
Altamira,Ciências Sociais,Licenciatura,EDUCACAO,False,0,0.50920989,0.5111931342024693,0.5141680005061732,0.65,0.7619047619047619,Muito Alta,5,7,0.6023761308634745,0.4341321494530513,0.6023761308634745,Alta,Implantar curso
Altamira,Ciências da Religião,Licenciatura,EDUCACAO,False,0,0.50920989,0.5111931342024693,0.5141680005061732,0.65,0.7619047619047619,Muito Alta,5,7,0.6023761308634745,0.4341321494530513,0.6023761308634745,Alta,Implantar curso
Altamira,História,Licenciatura,EDUCACAO,False,0,0.50920989,0.5111931342024693,0.5141680005061732,0.65,0.7619047619047619,Muito Alta,5,7,0.6023761308634745,0.4341321494530513,0.6023761308634745,Alta,Implantar curso
Altamira,Pedagogia,Licenciatura,EDUCACAO,False,0,0.50920989,0.5111931342024693,0.5141680005061732,0.65,0.7619047619047619,Muito Alta,5,7,0.6023761308634745,0.4341321494530513,0.6023761308634745,Alta,Implantar curso
Altamira,Matemática,Licenciatura,EDUCACAO,True,40,0.50920989,0.5111931342024693,0.5141680005061732,0.65,0.7619047619047619,Muito Alta,5,7,0.6023761308634745,0.5174654827863846,0.5174654827863846,Alta,Expandir vagas
Altamira,Secretariado Executivo Trilíngue,Bacharelado,GESTAO_NEGOCIOS,False,0,0.50920989,0.5107201737914044,0.5129855994785112,0.65,0.7619047619047619,Muito Alta,5,7,0.6019386424832396,0.43373013310364616,0.6019386424832396,Alta,Implantar curso
Altamira,Letras - Língua Portuguesa,Licenciatura,EDUCACAO,False,0,0.50920989,0.5111931342024693,0.5141680005061732,0.65,0.7619047619047619,Muito Alta,5,7,0.6023761308634745,0.4341321494530513,0.6023761308634745,Alta,Implantar curso
Altamira,Relações Internacionais,Bacharelado,GESTAO_NEGOCIOS,False,0,0.50920989,0.5107201737914044,0.5129855994785112,0.65,0.7619047619047619,Muito Alta,5,7,0.6019386424832396,0.43373013310364616,0.6019386424832396,Alta,Implantar curso
Altamira,Química,Licenciatura,EDUCACAO,False,0,0.50920989,0.5111931342024693,0.5141680005061732,0.65,0.7619047619047619,Muito Alta,5,7,0.6023761308634745,0.4341321494530513,0.6023761308634745,Alta,Implantar curso
Altamira,Tecnologia de Alimentos,Tecnólogo,ENGENHARIA_TEC,False,0,0.50920989,0.5107201737914044,0.5129855994785112,0.35,0.7619047619047619,Muito Alta,5,7,0.5419386424832395,0.43373013310364616,0.5419386424832395,Alta,Implantar curso
Altamira,Letras - Língua Inglesa,Licenciatura,EDUCACAO,False,0,0.50920989,0.5111931342024693,0.5141680005061732,0.65,0.7619047619047619,Muito Alta,5,7,0.6023761308634745,0.4341321494530513,0.6023761308634745,Alta,Implantar curso
Altamira,Tecnologia em Comércio Exterior,Tecnólogo,GESTAO_NEGOCIOS,False,0,0.50920989,0.5107201737914044,0.5129855994785112,0.65,0.7619047619047619,Muito Alta,5,7,0.6019386424832396,0.43373013310364616,0.6019386424832396,Alta,Implantar curso
Altamira,Engenharia de Produção,Bacharelado,ENGENHARIA_TEC,False,0,0.50920989,0.5107201737914044,0.5129855994785112,0.35,0.7619047619047619,Muito Alta,5,7,0.5419386424832395,0.43373013310364616,0.5419386424832395,Alta,Implantar curso
Altamira,Design,Bacharelado,GESTAO_NEGOCIOS,False,0,0.50920989,0.5107201737914044,0.5129855994785112,0.65,0.7619047619047619,Muito Alta,5,7,0.6019386424832396,0.43373013310364616,0.6019386424832396,Alta,Implantar curso
Altamira,Engenharia de Software,Bacharelado,ENGENHARIA_TEC,False,0,0.50920989,0.5107201737914044,0.5129855994785112,0.35,0.7619047619047619,Muito Alta,5,7,0.5419386424832395,0.43373013310364616,0.5419386424832395,Alta,Implantar curso
Ananindeua,Secretariado Executivo Trilíngue,Bacharelado,GESTAO_NEGOCIOS,False,0,0.76095789,0.6617689737914045,0.5129855994785112,0.85,0.6190476190476191,Muito Alta,8,8,0.651538996768954,0.45802578453221765,0.651538996768954,Alta,Implantar curso
Ananindeua,Engenharia de Software,Bacharelado,ENGENHARIA_TEC,True,30,0.76095789,0.6617689737914045,0.5129855994785112,0.7,0.6190476190476191,Muito Alta,8,8,0.621538996768954,0.5205257845322175,0.5205257845322175,Alta,Expandir vagas
Ananindeua,Tecnologia em Comércio Exterior,Tecnólogo,GESTAO_NEGOCIOS,False,0,0.76095789,0.6617689737914045,0.5129855994785112,0.85,0.6190476190476191,Muito Alta,8,8,0.651538996768954,0.45802578453221765,0.651538996768954,Alta,Implantar curso
Ananindeua,Educação Física (Licenciatura),Licenciatura,EDUCACAO,False,0,0.76095789,0.630838699953433,0.43565991488358263,0.7,0.6190476190476191,Muito Alta,8,8,0.5929284934688303,0.43173505176994187,0.5929284934688303,Alta,Implantar curso
Ananindeua,Filosofia,Licenciatura,EDUCACAO,False,0,0.76095789,0.630838699953433,0.43565991488358263,0.7,0.6190476190476191,Muito Alta,8,8,0.5929284934688303,0.43173505176994187,0.5929284934688303,Alta,Implantar curso
Ananindeua,Relações Internacionais,Bacharelado,GESTAO_NEGOCIOS,False,0,0.76095789,0.6617689737914045,0.5129855994785112,0.85,0.6190476190476191,Muito Alta,8,8,0.651538996768954,0.45802578453221765,0.651538996768954,Alta,Implantar curso
Ananindeua,Matemática,Licenciatura,EDUCACAO,True,40,0.76095789,0.630838699953433,0.43565991488358263,0.7,0.6190476190476191,Muito Alta,8,8,0.5929284934688303,0.5150683851032752,0.5150683851032752,Alta,Expandir vagas
Ananindeua,Design,Bacharelado,GESTAO_NEGOCIOS,False,0,0.76095789,0.6617689737914045,0.5129855994785112,0.85,0.6190476190476191,Muito Alta,8,8,0.651538996768954,0.45802578453221765,0.651538996768954,Alta,Implantar curso
Ananindeua,Letras - Língua Portuguesa,Licenciatura,EDUCACAO,False,0,0.76095789,0.630838699953433,0.43565991488358263,0.7,0.6190476190476191,Muito Alta,8,8,0.5929284934688303,0.43173505176994187,0.5929284934688303,Alta,Implantar curso
Ananindeua,Ciências da Religião,Licenciatura,EDUCACAO,False,0,0.76095789,0.630838699953433,0.43565991488358263,0.7,0.6190476190476191,Muito Alta,8,8,0.5929284934688303,0.43173505176994187,0.5929284934688303,Alta,Implantar curso
Ananindeua,Ciências Sociais,Licenciatura,EDUCACAO,False,0,0.76095789,0.630838699953433,0.43565991488358263,0.7,0.6190476190476191,Muito Alta,8,8,0.5929284934688303,0.43173505176994187,0.5929284934688303,Alta,Implantar curso
Ananindeua,Pedagogia,Licenciatura,EDUCACAO,False,0,0.76095789,0.630838699953433,0.43565991488358263,0.7,0.6190476190476191,Muito Alta,8,8,0.5929284934688303,0.43173505176994187,0.5929284934688303,Alta,Implantar curso
Ananindeua,Letras - Língua Inglesa,Licenciatura,EDUCACAO,False,0,0.76095789,0.630838699953433,0.43565991488358263,0.7,0.6190476190476191,Muito Alta,8,8,0.5929284934688303,0.43173505176994187,0.5929284934688303,Alta,Implantar curso
Ananindeua,Ciências Naturais,Licenciatura,EDUCACAO,False,0,0.76095789,0.630838699953433,0.43565991488358263,0.7,0.6190476190476191,Muito Alta,8,8,0.5929284934688303,0.43173505176994187,0.5929284934688303,Alta,Implantar curso
Ananindeua,Ciências Biológicas,Licenciatura,EDUCACAO,False,0,0.76095789,0.630838699953433,0.43565991488358263,0.7,0.6190476190476191,Muito Alta,8,8,0.5929284934688303,0.43173505176994187,0.5929284934688303,Alta,Implantar curso
Ananindeua,Geografia,Licenciatura,EDUCACAO,False,0,0.76095789,0.630838699953433,0.43565991488358263,0.7,0.6190476190476191,Muito Alta,8,8,0.5929284934688303,0.43173505176994187,0.5929284934688303,Alta,Implantar curso
Ananindeua,Fisioterapia,Bacharelado,SAUDE,False,0,0.76095789,0.5346072881277012,0.19508138531925295,0.7,0.6190476190476191,Muito Alta,8,8,0.5039144375300283,0.3499383517180698,0.5039144375300283,Alta,Implantar curso
Ananindeua,Engenharia Civil,Bacharelado,ENGENHARIA_TEC,False,0,0.76095789,0.6125528932482331,0.3899453981205829,0.7,0.6190476190476191,Muito Alta,8,8,0.5760141222665204,0.416192116070522,0.5760141222665204,Alta,Implantar curso
Ananindeua,Terapia Ocupacional,Bacharelado,SAUDE,False,0,0.76095789,0.5346072881277012,0.19508138531925295,0.7,0.6190476190476191,Muito Alta,8,8,0.5039144375300283,0.3499383517180698,0.5039144375300283,Alta,Implantar curso
Ananindeua,Física,Licenciatura,EDUCACAO,False,0,0.76095789,0.630838699953433,0.43565991488358263,0.7,0.6190476190476191,Muito Alta,8,8,0.5929284934688303,0.43173505176994187,0.5929284934688303,Alta,Implantar curso
Ananindeua,História,Licenciatura,EDUCACAO,False,0,0.76095789,0.630838699953433,0.43565991488358263,0.7,0.6190476190476191,Muito Alta,8,8,0.5929284934688303,0.43173505176994187,0.5929284934688303,Alta,Implantar curso
Ananindeua,Engenharia de Produção,Bacharelado,ENGENHARIA_TEC,False,0,0.76095789,0.6617689737914045,0.5129855994785112,0.7,0.6190476190476191,Muito Alta,8,8,0.621538996768954,0.45802578453221765,0.621538996768954,Alta,Implantar curso
Ananindeua,Química,Licenciatura,EDUCACAO,False,0,0.76095789,0.630838699953433,0.43565991488358263,0.7,0.6190476190476191,Muito Alta,8,8,0.5929284934688303,0.43173505176994187,0.5929284934688303,Alta,Implantar curso
Ananindeua,Biomedicina,Bacharelado,SAUDE,False,0,0.76095789,0.5346072881277012,0.19508138531925295,0.7,0.6190476190476191,Muito Alta,8,8,0.5039144375300283,0.3499383517180698,0.5039144375300283,Alta,Implantar curso
Ananindeua,Fonoaudiologia,Bacharelado,SAUDE,False,0,0.76095789,0.5346072881277012,0.19508138531925295,0.7,0.6190476190476191,Muito Alta,8,8,0.5039144375300283,0.3499383517180698,0.5039144375300283,Alta,Implantar curso
Ananindeua,Engenharia Ambiental e Sanitária,Bacharelado,ENGENHARIA_TEC,False,0,0.76095789,0.6125528932482331,0.3899453981205829,0.7,0.6190476190476191,Muito Alta,8,8,0.5760141222665204,0.416192116070522,0.5760141222665204,Alta,Implantar curso
Ananindeua,Medicina,Bacharelado,SAUDE,False,0,0.76095789,0.5346072881277012,0.19508138531925295,0.7,0.6190476190476191,Muito Alta,8,8,0.5039144375300283,0.3499383517180698,0.5039144375300283,Alta,Implantar curso
Ananindeua,Educação Física (Bacharelado),Bacharelado,SAUDE,False,0,0.76095789,0.5346072881277012,0.19508138531925295,0.7,0.6190476190476191,Muito Alta,8,8,0.5039144375300283,0.3499383517180698,0.5039144375300283,Alta,Implantar curso
Ananindeua,Engenharia Florestal,Bacharelado,ENGENHARIA_TEC,True,30,0.76095789,0.6617689737914045,0.5129855994785112,0.7,0.6190476190476191,Muito Alta,8,8,0.621538996768954,0.5205257845322175,0.5205257845322175,Alta,Expandir vagas
Ananindeua,Saúde Coletiva,Bacharelado,SAUDE,False,0,0.76095789,0.5346072881277012,0.19508138531925295,0.7,0.6190476190476191,Muito Alta,8,8,0.5039144375300283,0.3499383517180698,0.5039144375300283,Alta,Implantar curso
Ananindeua,Tecnologia de Alimentos,Tecnólogo,ENGENHARIA_TEC,False,0,0.76095789,0.6617689737914045,0.5129855994785112,0.7,0.6190476190476191,Muito Alta,8,8,0.621538996768954,0.45802578453221765,0.621538996768954,Alta,Implantar curso
Ananindeua,Enfermagem,Bacharelado,SAUDE,False,0,0.76095789,0.5346072881277012,0.19508138531925295,0.7,0.6190476190476191,Muito Alta,8,8,0.5039144375300283,0.3499383517180698,0.5039144375300283,Alta,Implantar curso
Barcarena,Engenharia de Produção,Bacharelado,ENGENHARIA_TEC,False,0,0.44969029,0.47500841379140446,0.5129855994785112,0.95,0.9047619047619048,Média,2,0,0.6869394001975253,0.44980244567507477,0.6869394001975253,Alta,Implantar curso
Barcarena,Engenharia Ambiental e Sanitária,Bacharelado,ENGENHARIA_TEC,False,0,0.44969029,0.5221989152925901,0.6309618532314754,0.95,0.9047619047619048,Média,2,0,0.730590614086122,0.48991437195108256,0.730590614086122,Alta,Implantar curso
Barcarena,Tecnologia em Comércio Exterior,Tecnólogo,GESTAO_NEGOCIOS,False,0,0.44969029,0.47500841379140446,0.5129855994785112,0.55,0.9047619047619048,Média,2,0,0.6069394001975253,0.44980244567507477,0.6069394001975253,Alta,Implantar curso
Barcarena,Engenharia Civil,Bacharelado,ENGENHARIA_TEC,False,0,0.44969029,0.5221989152925901,0.6309618532314754,0.95,0.9047619047619048,Média,2,0,0.730590614086122,0.48991437195108256,0.730590614086122,Alta,Implantar curso
Barcarena,Química,Licenciatura,EDUCACAO,False,0,0.44969029,0.546568513701711,0.6918858492542775,0.45,0.9047619047619048,Média,2,0,0.6531324926145589,0.5106285305988354,0.6531324926145589,Alta,Implantar curso
Barcarena,Relações Internacionais,Bacharelado,GESTAO_NEGOCIOS,False,0,0.44969029,0.47500841379140446,0.5129855994785112,0.55,0.9047619047619048,Média,2,0,0.6069394001975253,0.44980244567507477,0.6069394001975253,Alta,Implantar curso
Barcarena,Geografia,Licenciatura,EDUCACAO,True,40,0.44969029,0.546568513701711,0.6918858492542775,0.45,0.9047619047619048,Média,2,0,0.6531324926145589,0.5939618639321687,0.5939618639321687,Alta,Expandir vagas
Barcarena,Secretariado Executivo Trilíngue,Bacharelado,GESTAO_NEGOCIOS,False,0,0.44969029,0.47500841379140446,0.5129855994785112,0.55,0.9047619047619048,Média,2,0,0.6069394001975253,0.44980244567507477,0.6069394001975253,Alta,Implantar curso
Barcarena,Física,Licenciatura,EDUCACAO,True,40,0.44969029,0.546568513701711,0.6918858492542775,0.45,0.9047619047619048,Média,2,0,0.6531324926145589,0.5939618639321687,0.5939618639321687,Alta,Expandir vagas
Barcarena,Ciências Naturais,Licenciatura,EDUCACAO,False,0,0.44969029,0.546568513701711,0.6918858492542775,0.45,0.9047619047619048,Média,2,0,0.6531324926145589,0.5106285305988354,0.6531324926145589,Alta,Implantar curso
Barcarena,Ciências Biológicas,Licenciatura,EDUCACAO,False,0,0.44969029,0.546568513701711,0.6918858492542775,0.45,0.9047619047619048,Média,2,0,0.6531324926145589,0.5106285305988354,0.6531324926145589,Alta,Implantar curso
Barcarena,Engenharia Florestal,Bacharelado,ENGENHARIA_TEC,False,0,0.44969029,0.47500841379140446,0.5129855994785112,0.95,0.9047619047619048,Média,2,0,0.6869394001975253,0.44980244567507477,0.6869394001975253,Alta,Implantar curso
Barcarena,Letras - Língua Inglesa,Licenciatura,EDUCACAO,False,0,0.44969029,0.546568513701711,0.6918858492542775,0.45,0.9047619047619048,Média,2,0,0.6531324926145589,0.5106285305988354,0.6531324926145589,Alta,Implantar curso
Barcarena,Tecnologia de Alimentos,Tecnólogo,ENGENHARIA_TEC,False,0,0.44969029,0.47500841379140446,0.5129855994785112,0.95,0.9047619047619048,Média,2,0,0.6869394001975253,0.44980244567507477,0.6869394001975253,Alta,Implantar curso
Barcarena,Pedagogia,Licenciatura,EDUCACAO,False,0,0.44969029,0.546568513701711,0.6918858492542775,0.45,0.9047619047619048,Média,2,0,0.6531324926145589,0.5106285305988354,0.6531324926145589,Alta,Implantar curso
Barcarena,Educação Física (Licenciatura),Licenciatura,EDUCACAO,False,0,0.44969029,0.546568513701711,0.6918858492542775,0.45,0.9047619047619048,Média,2,0,0.6531324926145589,0.5106285305988354,0.6531324926145589,Alta,Implantar curso
Barcarena,Filosofia,Licenciatura,EDUCACAO,False,0,0.44969029,0.546568513701711,0.6918858492542775,0.45,0.9047619047619048,Média,2,0,0.6531324926145589,0.5106285305988354,0.6531324926145589,Alta,Implantar curso
Barcarena,Ciências Sociais,Licenciatura,EDUCACAO,False,0,0.44969029,0.546568513701711,0.6918858492542775,0.45,0.9047619047619048,Média,2,0,0.6531324926145589,0.5106285305988354,0.6531324926145589,Alta,Implantar curso
Barcarena,Matemática,Licenciatura,EDUCACAO,False,0,0.44969029,0.546568513701711,0.6918858492542775,0.45,0.9047619047619048,Média,2,0,0.6531324926145589,0.5106285305988354,0.6531324926145589,Alta,Implantar curso
Barcarena,Design,Bacharelado,GESTAO_NEGOCIOS,False,0,0.44969029,0.47500841379140446,0.5129855994785112,0.55,0.9047619047619048,Média,2,0,0.6069394001975253,0.44980244567507477,0.6069394001975253,Alta,Implantar curso
Barcarena,Letras - Língua Portuguesa,Licenciatura,EDUCACAO,False,0,0.44969029,0.546568513701711,0.6918858492542775,0.45,0.9047619047619048,Média,2,0,0.6531324926145589,0.5106285305988354,0.6531324926145589,Alta,Implantar curso
Barcarena,Ciências da Religião,Licenciatura,EDUCACAO,False,0,0.44969029,0.546568513701711,0.6918858492542775,0.45,0.9047619047619048,Média,2,0,0.6531324926145589,0.5106285305988354,0.6531324926145589,Alta,Implantar curso
Barcarena,Engenharia de Software,Bacharelado,ENGENHARIA_TEC,False,0,0.44969029,0.47500841379140446,0.5129855994785112,0.95,0.9047619047619048,Média,2,0,0.6869394001975253,0.44980244567507477,0.6869394001975253,Alta,Implantar curso
Barcarena,História,Licenciatura,EDUCACAO,False,0,0.44969029,0.546568513701711,0.6918858492542775,0.45,0.9047619047619048,Média,2,0,0.6531324926145589,0.5106285305988354,0.6531324926145589,Alta,Implantar curso
Barcarena,Biomedicina,Bacharelado,SAUDE,False,0,0.44969029,0.29607556480676245,0.06565347701690626,0.45,0.9047619047619048,Média,2,0,0.4214265148867315,0.2977095240381291,0.4214265148867315,Média,Estudar viabilidade
Barcarena,Saúde Coletiva,Bacharelado,SAUDE,False,0,0.44969029,0.29607556480676245,0.06565347701690626,0.45,0.9047619047619048,Média,2,0,0.4214265148867315,0.2977095240381291,0.4214265148867315,Média,Estudar viabilidade
Barcarena,Fisioterapia,Bacharelado,SAUDE,False,0,0.44969029,0.29607556480676245,0.06565347701690626,0.45,0.9047619047619048,Média,2,0,0.4214265148867315,0.2977095240381291,0.4214265148867315,Média,Estudar viabilidade
Barcarena,Terapia Ocupacional,Bacharelado,SAUDE,False,0,0.44969029,0.29607556480676245,0.06565347701690626,0.45,0.9047619047619048,Média,2,0,0.4214265148867315,0.2977095240381291,0.4214265148867315,Média,Estudar viabilidade
Barcarena,Enfermagem,Bacharelado,SAUDE,False,0,0.44969029,0.29607556480676245,0.06565347701690626,0.45,0.9047619047619048,Média,2,0,0.4214265148867315,0.2977095240381291,0.4214265148867315,Média,Estudar viabilidade
Barcarena,Medicina,Bacharelado,SAUDE,False,0,0.44969029,0.29607556480676245,0.06565347701690626,0.45,0.9047619047619048,Média,2,0,0.4214265148867315,0.2977095240381291,0.4214265148867315,Média,Estudar viabilidade
Barcarena,Fonoaudiologia,Bacharelado,SAUDE,False,0,0.44969029,0.29607556480676245,0.06565347701690626,0.45,0.9047619047619048,Média,2,0,0.4214265148867315,0.2977095240381291,0.4214265148867315,Média,Estudar viabilidade
Barcarena,Educação Física (Bacharelado),Bacharelado,SAUDE,False,0,0.44969029,0.29607556480676245,0.06565347701690626,0.45,0.9047619047619048,Média,2,0,0.4214265148867315,0.2977095240381291,0.4214265148867315,Média,Estudar viabilidade
Belém,Secretariado Executivo Trilíngue,Bacharelado,GESTAO_NEGOCIOS,True,40,0.7,0.6251942397914045,0.5129855994785112,0.95,0.0,Muito Alta,21,33,0.5058046718070492,0.40474843715602715,0.40474843715602715,Média,Manter e ajustar
Belém,Relações Internacionais,Bacharelado,GESTAO_NEGOCIOS,True,40,0.7,0.6251942397914045,0.5129855994785112,0.95,0.0,Muito Alta,21,33,0.5058046718070492,0.40474843715602715,0.40474843715602715,Média,Manter e ajustar
Belém,Engenharia de Software,Bacharelado,ENGENHARIA_TEC,False,0,0.7,0.6251942397914045,0.5129855994785112,0.55,0.0,Muito Alta,21,33,0.4258046718070492,0.3214151038226938,0.4258046718070492,Média,Estudar viabilidade
Belém,Tecnologia em Comércio Exterior,Tecnólogo,GESTAO_NEGOCIOS,True,40,0.7,0.6251942397914045,0.5129855994785112,0.95,0.0,Muito Alta,21,33,0.5058046718070492,0.40474843715602715,0.40474843715602715,Média,Manter e ajustar
Belém,Design,Bacharelado,GESTAO_NEGOCIOS,True,40,0.7,0.6251942397914045,0.5129855994785112,0.95,0.0,Muito Alta,21,33,0.5058046718070492,0.40474843715602715,0.40474843715602715,Média,Manter e ajustar
Belém,Fisioterapia,Bacharelado,SAUDE,True,40,0.7,0.5494829906440764,0.3237074766101908,0.95,0.0,Muito Alta,21,33,0.4357717663457706,0.3403938753807982,0.3403938753807982,Média,Manter e ajustar
Belém,Enfermagem,Bacharelado,SAUDE,True,80,0.7,0.5494829906440764,0.3237074766101908,0.95,0.0,Muito Alta,21,33,0.4357717663457706,0.42372720871413155,0.42372720871413155,Média,Manter e ajustar
Belém,Medicina,Bacharelado,SAUDE,True,100,0.7,0.5494829906440764,0.3237074766101908,0.95,0.0,Muito Alta,21,33,0.4357717663457706,0.4653938753807982,0.4653938753807982,Média,Manter e ajustar
Belém,Terapia Ocupacional,Bacharelado,SAUDE,True,40,0.7,0.5494829906440764,0.3237074766101908,0.95,0.0,Muito Alta,21,33,0.4357717663457706,0.3403938753807982,0.3403938753807982,Média,Manter e ajustar
Belém,Fonoaudiologia,Bacharelado,SAUDE,True,30,0.7,0.5494829906440764,0.3237074766101908,0.95,0.0,Muito Alta,21,33,0.4357717663457706,0.31956054204746487,0.31956054204746487,Média,Manter e ajustar
Belém,Educação Física (Bacharelado),Bacharelado,SAUDE,True,50,0.7,0.5494829906440764,0.3237074766101908,0.95,0.0,Muito Alta,21,33,0.4357717663457706,0.36122720871413155,0.36122720871413155,Média,Manter e ajustar
Belém,Saúde Coletiva,Bacharelado,SAUDE,True,30,0.7,0.5494829906440764,0.3237074766101908,0.95,0.0,Muito Alta,21,33,0.4357717663457706,0.31956054204746487,0.31956054204746487,Média,Manter e ajustar
Belém,Biomedicina,Bacharelado,SAUDE,True,30,0.7,0.5494829906440764,0.3237074766101908,0.95,0.0,Muito Alta,21,33,0.4357717663457706,0.31956054204746487,0.31956054204746487,Média,Manter e ajustar
Belém,Ciências da Religião,Licenciatura,EDUCACAO,True,40,0.7,0.42,0.0,0.9,0.0,Muito Alta,21,33,0.30600000000000005,0.23033333333333333,0.23033333333333333,Baixa,Manter
Belém,Educação Física (Licenciatura),Licenciatura,EDUCACAO,True,50,0.7,0.42,0.0,0.9,0.0,Muito Alta,21,33,0.30600000000000005,0.25116666666666665,0.25116666666666665,Média,Manter e ajustar
Belém,Pedagogia,Licenciatura,EDUCACAO,True,120,0.7,0.42,0.0,0.9,0.0,Muito Alta,21,33,0.30600000000000005,0.397,0.397,Média,Manter e ajustar
Belém,Ciências Sociais,Licenciatura,EDUCACAO,True,40,0.7,0.42,0.0,0.9,0.0,Muito Alta,21,33,0.30600000000000005,0.23033333333333333,0.23033333333333333,Baixa,Manter
Belém,Filosofia,Licenciatura,EDUCACAO,True,40,0.7,0.42,0.0,0.9,0.0,Muito Alta,21,33,0.30600000000000005,0.23033333333333333,0.23033333333333333,Baixa,Manter
Belém,Matemática,Licenciatura,EDUCACAO,True,80,0.7,0.42,0.0,0.9,0.0,Muito Alta,21,33,0.30600000000000005,0.31366666666666665,0.31366666666666665,Média,Manter e ajustar
Belém,Letras - Língua Portuguesa,Licenciatura,EDUCACAO,True,80,0.7,0.42,0.0,0.9,0.0,Muito Alta,21,33,0.30600000000000005,0.31366666666666665,0.31366666666666665,Média,Manter e ajustar
Belém,Engenharia de Produção,Bacharelado,ENGENHARIA_TEC,True,40,0.7,0.6251942397914045,0.5129855994785112,0.55,0.0,Muito Alta,21,33,0.4258046718070492,0.40474843715602715,0.40474843715602715,Média,Manter e ajustar
Belém,História,Licenciatura,EDUCACAO,True,40,0.7,0.42,0.0,0.9,0.0,Muito Alta,21,33,0.30600000000000005,0.23033333333333333,0.23033333333333333,Baixa,Manter
Belém,Letras - Língua Inglesa,Licenciatura,EDUCACAO,True,40,0.7,0.42,0.0,0.9,0.0,Muito Alta,21,33,0.30600000000000005,0.23033333333333333,0.23033333333333333,Baixa,Manter
Belém,Geografia,Licenciatura,EDUCACAO,True,40,0.7,0.42,0.0,0.9,0.0,Muito Alta,21,33,0.30600000000000005,0.23033333333333333,0.23033333333333333,Baixa,Manter
Belém,Ciências Naturais,Licenciatura,EDUCACAO,False,0,0.7,0.42,0.0,0.9,0.0,Muito Alta,21,33,0.30600000000000005,0.147,0.30600000000000005,Média,Estudar viabilidade
Belém,Engenharia Florestal,Bacharelado,ENGENHARIA_TEC,False,0,0.7,0.6251942397914045,0.5129855994785112,0.55,0.0,Muito Alta,21,33,0.4258046718070492,0.3214151038226938,0.4258046718070492,Média,Estudar viabilidade
Belém,Tecnologia de Alimentos,Tecnólogo,ENGENHARIA_TEC,True,40,0.7,0.6251942397914045,0.5129855994785112,0.55,0.0,Muito Alta,21,33,0.4258046718070492,0.40474843715602715,0.40474843715602715,Média,Manter e ajustar
Belém,Ciências Biológicas,Licenciatura,EDUCACAO,True,40,0.7,0.42,0.0,0.9,0.0,Muito Alta,21,33,0.30600000000000005,0.23033333333333333,0.23033333333333333,Baixa,Manter
Belém,Física,Licenciatura,EDUCACAO,True,40,0.7,0.42,0.0,0.9,0.0,Muito Alta,21,33,0.30600000000000005,0.23033333333333333,0.23033333333333333,Baixa,Manter
Belém,Engenharia Civil,Bacharelado,ENGENHARIA_TEC,False,0,0.7,0.42,0.0,0.55,0.0,Muito Alta,21,33,0.23600000000000002,0.147,0.23600000000000002,Baixa,Não priorizar
Belém,Química,Licenciatura,EDUCACAO,True,40,0.7,0.42,0.0,0.9,0.0,Muito Alta,21,33,0.30600000000000005,0.23033333333333333,0.23033333333333333,Baixa,Manter
Belém,Engenharia Ambiental e Sanitária,Bacharelado,ENGENHARIA_TEC,True,40,0.7,0.42,0.0,0.55,0.0,Muito Alta,21,33,0.23600000000000002,0.23033333333333333,0.23033333333333333,Baixa,Manter
Bragança,Ciências da Religião,Licenciatura,EDUCACAO,False,0,0.63029087,0.7015514594170804,0.8084423435427011,0.6,0.8095238095238095,Alta,4,8,0.7349569760917518,0.5691362414092802,0.7349569760917518,Alta,Implantar curso
Bragança,Filosofia,Licenciatura,EDUCACAO,False,0,0.63029087,0.7015514594170804,0.8084423435427011,0.6,0.8095238095238095,Alta,4,8,0.7349569760917518,0.5691362414092802,0.7349569760917518,Alta,Implantar curso
Bragança,Geografia,Licenciatura,EDUCACAO,False,0,0.63029087,0.7015514594170804,0.8084423435427011,0.6,0.8095238095238095,Alta,4,8,0.7349569760917518,0.5691362414092802,0.7349569760917518,Alta,Implantar curso
Bragança,Educação Física (Licenciatura),Licenciatura,EDUCACAO,False,0,0.63029087,0.7015514594170804,0.8084423435427011,0.6,0.8095238095238095,Alta,4,8,0.7349569760917518,0.5691362414092802,0.7349569760917518,Alta,Implantar curso
Bragança,Ciências Naturais,Licenciatura,EDUCACAO,False,0,0.63029087,0.7015514594170804,0.8084423435427011,0.6,0.8095238095238095,Alta,4,8,0.7349569760917518,0.5691362414092802,0.7349569760917518,Alta,Implantar curso
Bragança,Ciências Biológicas,Licenciatura,EDUCACAO,False,0,0.63029087,0.7015514594170804,0.8084423435427011,0.6,0.8095238095238095,Alta,4,8,0.7349569760917518,0.5691362414092802,0.7349569760917518,Alta,Implantar curso
Bragança,Ciências Sociais,Licenciatura,EDUCACAO,False,0,0.63029087,0.7015514594170804,0.8084423435427011,0.6,0.8095238095238095,Alta,4,8,0.7349569760917518,0.5691362414092802,0.7349569760917518,Alta,Implantar curso
Bragança,História,Licenciatura,EDUCACAO,False,0,0.63029087,0.7015514594170804,0.8084423435427011,0.6,0.8095238095238095,Alta,4,8,0.7349569760917518,0.5691362414092802,0.7349569760917518,Alta,Implantar curso
Bragança,Letras - Língua Portuguesa,Licenciatura,EDUCACAO,False,0,0.63029087,0.7015514594170804,0.8084423435427011,0.6,0.8095238095238095,Alta,4,8,0.7349569760917518,0.5691362414092802,0.7349569760917518,Alta,Implantar curso
Bragança,Pedagogia,Licenciatura,EDUCACAO,False,0,0.63029087,0.7015514594170804,0.8084423435427011,0.6,0.8095238095238095,Alta,4,8,0.7349569760917518,0.5691362414092802,0.7349569760917518,Alta,Implantar curso
Bragança,Letras - Língua Inglesa,Licenciatura,EDUCACAO,False,0,0.63029087,0.7015514594170804,0.8084423435427011,0.6,0.8095238095238095,Alta,4,8,0.7349569760917518,0.5691362414092802,0.7349569760917518,Alta,Implantar curso
Bragança,Engenharia Ambiental e Sanitária,Bacharelado,ENGENHARIA_TEC,False,0,0.63029087,0.7218929553670128,0.8592960834175323,0.45,0.8095238095238095,Alta,4,8,0.7237728598454394,0.5864265129667229,0.7237728598454394,Alta,Implantar curso
Bragança,Física,Licenciatura,EDUCACAO,False,0,0.63029087,0.7015514594170804,0.8084423435427011,0.6,0.8095238095238095,Alta,4,8,0.7349569760917518,0.5691362414092802,0.7349569760917518,Alta,Implantar curso
Bragança,Química,Licenciatura,EDUCACAO,False,0,0.63029087,0.7015514594170804,0.8084423435427011,0.6,0.8095238095238095,Alta,4,8,0.7349569760917518,0.5691362414092802,0.7349569760917518,Alta,Implantar curso
Bragança,Matemática,Licenciatura,EDUCACAO,False,0,0.63029087,0.7015514594170804,0.8084423435427011,0.6,0.8095238095238095,Alta,4,8,0.7349569760917518,0.5691362414092802,0.7349569760917518,Alta,Implantar curso
Bragança,Tecnologia de Alimentos,Tecnólogo,ENGENHARIA_TEC,False,0,0.63029087,0.5833687617914045,0.5129855994785112,0.45,0.8095238095238095,Alta,4,8,0.5956379807880016,0.46868094842745567,0.5956379807880016,Alta,Implantar curso
Bragança,Engenharia Florestal,Bacharelado,ENGENHARIA_TEC,False,0,0.63029087,0.5833687617914045,0.5129855994785112,0.45,0.8095238095238095,Alta,4,8,0.5956379807880016,0.46868094842745567,0.5956379807880016,Alta,Implantar curso
Bragança,Engenharia Civil,Bacharelado,ENGENHARIA_TEC,True,40,0.63029087,0.7218929553670128,0.8592960834175323,0.45,0.8095238095238095,Alta,4,8,0.7237728598454394,0.6697598463000561,0.6697598463000561,Alta,Expandir vagas
Bragança,Fonoaudiologia,Bacharelado,SAUDE,False,0,0.63029087,0.5506212467269924,0.431116811817481,0.5,0.8095238095238095,Alta,4,8,0.5753465293534203,0.4408455606227054,0.5753465293534203,Alta,Implantar curso
Bragança,Educação Física (Bacharelado),Bacharelado,SAUDE,False,0,0.63029087,0.5506212467269924,0.431116811817481,0.5,0.8095238095238095,Alta,4,8,0.5753465293534203,0.4408455606227054,0.5753465293534203,Alta,Implantar curso
Bragança,Terapia Ocupacional,Bacharelado,SAUDE,False,0,0.63029087,0.5506212467269924,0.431116811817481,0.5,0.8095238095238095,Alta,4,8,0.5753465293534203,0.4408455606227054,0.5753465293534203,Alta,Implantar curso
Bragança,Saúde Coletiva,Bacharelado,SAUDE,False,0,0.63029087,0.5506212467269924,0.431116811817481,0.5,0.8095238095238095,Alta,4,8,0.5753465293534203,0.4408455606227054,0.5753465293534203,Alta,Implantar curso
Bragança,Design,Bacharelado,GESTAO_NEGOCIOS,False,0,0.63029087,0.5833687617914045,0.5129855994785112,0.5,0.8095238095238095,Alta,4,8,0.6056379807880015,0.46868094842745567,0.6056379807880015,Alta,Implantar curso
Bragança,Enfermagem,Bacharelado,SAUDE,False,0,0.63029087,0.5506212467269924,0.431116811817481,0.5,0.8095238095238095,Alta,4,8,0.5753465293534203,0.4408455606227054,0.5753465293534203,Alta,Implantar curso
Bragança,Medicina,Bacharelado,SAUDE,False,0,0.63029087,0.5506212467269924,0.431116811817481,0.5,0.8095238095238095,Alta,4,8,0.5753465293534203,0.4408455606227054,0.5753465293534203,Alta,Implantar curso
Bragança,Fisioterapia,Bacharelado,SAUDE,False,0,0.63029087,0.5506212467269924,0.431116811817481,0.5,0.8095238095238095,Alta,4,8,0.5753465293534203,0.4408455606227054,0.5753465293534203,Alta,Implantar curso
Bragança,Biomedicina,Bacharelado,SAUDE,False,0,0.63029087,0.5506212467269924,0.431116811817481,0.5,0.8095238095238095,Alta,4,8,0.5753465293534203,0.4408455606227054,0.5753465293534203,Alta,Implantar curso
Bragança,Secretariado Executivo Trilíngue,Bacharelado,GESTAO_NEGOCIOS,False,0,0.63029087,0.5833687617914045,0.5129855994785112,0.5,0.8095238095238095,Alta,4,8,0.6056379807880015,0.46868094842745567,0.6056379807880015,Alta,Implantar curso
Bragança,Relações Internacionais,Bacharelado,GESTAO_NEGOCIOS,False,0,0.63029087,0.5833687617914045,0.5129855994785112,0.5,0.8095238095238095,Alta,4,8,0.6056379807880015,0.46868094842745567,0.6056379807880015,Alta,Implantar curso
Bragança,Tecnologia em Comércio Exterior,Tecnólogo,GESTAO_NEGOCIOS,False,0,0.63029087,0.5833687617914045,0.5129855994785112,0.5,0.8095238095238095,Alta,4,8,0.6056379807880015,0.46868094842745567,0.6056379807880015,Alta,Implantar curso
Bragança,Engenharia de Produção,Bacharelado,ENGENHARIA_TEC,False,0,0.63029087,0.5833687617914045,0.5129855994785112,0.45,0.8095238095238095,Alta,4,8,0.5956379807880016,0.46868094842745567,0.5956379807880016,Alta,Implantar curso
Bragança,Engenharia de Software,Bacharelado,ENGENHARIA_TEC,False,0,0.63029087,0.5833687617914045,0.5129855994785112,0.45,0.8095238095238095,Alta,4,8,0.5956379807880016,0.46868094842745567,0.5956379807880016,Alta,Implantar curso
Cametá,Ciências Biológicas,Licenciatura,EDUCACAO,True,40,0.64133931,0.7333573805888494,0.8713844864721235,0.65,0.8095238095238095,Alta,4,7,0.7702342881756381,0.6761900757386172,0.6761900757386172,Alta,Expandir vagas
Cametá,Filosofia,Licenciatura,EDUCACAO,False,0,0.64133931,0.7333573805888494,0.8713844864721235,0.65,0.8095238095238095,Alta,4,7,0.7702342881756381,0.5928567424052839,0.7702342881756381,Muito Alta,IMPLANTAR CURSO URGENTE
Cametá,Ciências Naturais,Licenciatura,EDUCACAO,False,0,0.64133931,0.7333573805888494,0.8713844864721235,0.65,0.8095238095238095,Alta,4,7,0.7702342881756381,0.5928567424052839,0.7702342881756381,Muito Alta,IMPLANTAR CURSO URGENTE
Cametá,Ciências da Religião,Licenciatura,EDUCACAO,False,0,0.64133931,0.7333573805888494,0.8713844864721235,0.65,0.8095238095238095,Alta,4,7,0.7702342881756381,0.5928567424052839,0.7702342881756381,Muito Alta,IMPLANTAR CURSO URGENTE
Cametá,Educação Física (Licenciatura),Licenciatura,EDUCACAO,False,0,0.64133931,0.7333573805888494,0.8713844864721235,0.65,0.8095238095238095,Alta,4,7,0.7702342881756381,0.5928567424052839,0.7702342881756381,Muito Alta,IMPLANTAR CURSO URGENTE
Cametá,Ciências Sociais,Licenciatura,EDUCACAO,False,0,0.64133931,0.7333573805888494,0.8713844864721235,0.65,0.8095238095238095,Alta,4,7,0.7702342881756381,0.5928567424052839,0.7702342881756381,Muito Alta,IMPLANTAR CURSO URGENTE
Cametá,Geografia,Licenciatura,EDUCACAO,False,0,0.64133931,0.7333573805888494,0.8713844864721235,0.65,0.8095238095238095,Alta,4,7,0.7702342881756381,0.5928567424052839,0.7702342881756381,Muito Alta,IMPLANTAR CURSO URGENTE
Cametá,Pedagogia,Licenciatura,EDUCACAO,False,0,0.64133931,0.7333573805888494,0.8713844864721235,0.65,0.8095238095238095,Alta,4,7,0.7702342881756381,0.5928567424052839,0.7702342881756381,Muito Alta,IMPLANTAR CURSO URGENTE
Cametá,Letras - Língua Inglesa,Licenciatura,EDUCACAO,False,0,0.64133931,0.7333573805888494,0.8713844864721235,0.65,0.8095238095238095,Alta,4,7,0.7702342881756381,0.5928567424052839,0.7702342881756381,Muito Alta,IMPLANTAR CURSO URGENTE
Cametá,Letras - Língua Portuguesa,Licenciatura,EDUCACAO,False,0,0.64133931,0.7333573805888494,0.8713844864721235,0.65,0.8095238095238095,Alta,4,7,0.7702342881756381,0.5928567424052839,0.7702342881756381,Muito Alta,IMPLANTAR CURSO URGENTE
Cametá,História,Licenciatura,EDUCACAO,False,0,0.64133931,0.7333573805888494,0.8713844864721235,0.65,0.8095238095238095,Alta,4,7,0.7702342881756381,0.5928567424052839,0.7702342881756381,Muito Alta,IMPLANTAR CURSO URGENTE
Cametá,Física,Licenciatura,EDUCACAO,True,40,0.64133931,0.7333573805888494,0.8713844864721235,0.65,0.8095238095238095,Alta,4,7,0.7702342881756381,0.6761900757386172,0.6761900757386172,Alta,Expandir vagas
Cametá,Matemática,Licenciatura,EDUCACAO,False,0,0.64133931,0.7333573805888494,0.8713844864721235,0.65,0.8095238095238095,Alta,4,7,0.7702342881756381,0.5928567424052839,0.7702342881756381,Muito Alta,IMPLANTAR CURSO URGENTE
Cametá,Química,Licenciatura,EDUCACAO,False,0,0.64133931,0.7333573805888494,0.8713844864721235,0.65,0.8095238095238095,Alta,4,7,0.7702342881756381,0.5928567424052839,0.7702342881756381,Muito Alta,IMPLANTAR CURSO URGENTE
Cametá,Engenharia Florestal,Bacharelado,ENGENHARIA_TEC,False,0,0.64133931,0.5899978257914045,0.5129855994785112,0.25,0.8095238095238095,Alta,4,7,0.5576266999880015,0.4710011208274557,0.5576266999880015,Alta,Implantar curso
Cametá,Engenharia Ambiental e Sanitária,Bacharelado,ENGENHARIA_TEC,False,0,0.64133931,0.6937237479273928,0.7723004048184821,0.25,0.8095238095238095,Alta,4,7,0.6535731779637908,0.5591681546430458,0.6535731779637908,Alta,Implantar curso
Cametá,Tecnologia de Alimentos,Tecnólogo,ENGENHARIA_TEC,True,40,0.64133931,0.5899978257914045,0.5129855994785112,0.25,0.8095238095238095,Alta,4,7,0.5576266999880015,0.5543344541607891,0.5543344541607891,Alta,Expandir vagas
Cametá,Fonoaudiologia,Bacharelado,SAUDE,False,0,0.64133931,0.52905920352319,0.360639043807975,0.45,0.8095238095238095,Alta,4,7,0.5412584743899032,0.4192032918994735,0.5412584743899032,Alta,Implantar curso
Cametá,Saúde Coletiva,Bacharelado,SAUDE,False,0,0.64133931,0.52905920352319,0.360639043807975,0.45,0.8095238095238095,Alta,4,7,0.5412584743899032,0.4192032918994735,0.5412584743899032,Alta,Implantar curso
Cametá,Terapia Ocupacional,Bacharelado,SAUDE,False,0,0.64133931,0.52905920352319,0.360639043807975,0.45,0.8095238095238095,Alta,4,7,0.5412584743899032,0.4192032918994735,0.5412584743899032,Alta,Implantar curso
Cametá,Enfermagem,Bacharelado,SAUDE,False,0,0.64133931,0.52905920352319,0.360639043807975,0.45,0.8095238095238095,Alta,4,7,0.5412584743899032,0.4192032918994735,0.5412584743899032,Alta,Implantar curso
Cametá,Medicina,Bacharelado,SAUDE,False,0,0.64133931,0.52905920352319,0.360639043807975,0.45,0.8095238095238095,Alta,4,7,0.5412584743899032,0.4192032918994735,0.5412584743899032,Alta,Implantar curso
Cametá,Engenharia Civil,Bacharelado,ENGENHARIA_TEC,False,0,0.64133931,0.6937237479273928,0.7723004048184821,0.25,0.8095238095238095,Alta,4,7,0.6535731779637908,0.5591681546430458,0.6535731779637908,Alta,Implantar curso
Cametá,Fisioterapia,Bacharelado,SAUDE,False,0,0.64133931,0.52905920352319,0.360639043807975,0.45,0.8095238095238095,Alta,4,7,0.5412584743899032,0.4192032918994735,0.5412584743899032,Alta,Implantar curso
Cametá,Educação Física (Bacharelado),Bacharelado,SAUDE,False,0,0.64133931,0.52905920352319,0.360639043807975,0.45,0.8095238095238095,Alta,4,7,0.5412584743899032,0.4192032918994735,0.5412584743899032,Alta,Implantar curso
Cametá,Secretariado Executivo Trilíngue,Bacharelado,GESTAO_NEGOCIOS,False,0,0.64133931,0.5899978257914045,0.5129855994785112,0.45,0.8095238095238095,Alta,4,7,0.5976266999880016,0.4710011208274557,0.5976266999880016,Alta,Implantar curso
Cametá,Biomedicina,Bacharelado,SAUDE,False,0,0.64133931,0.52905920352319,0.360639043807975,0.45,0.8095238095238095,Alta,4,7,0.5412584743899032,0.4192032918994735,0.5412584743899032,Alta,Implantar curso
Cametá,Relações Internacionais,Bacharelado,GESTAO_NEGOCIOS,False,0,0.64133931,0.5899978257914045,0.5129855994785112,0.45,0.8095238095238095,Alta,4,7,0.5976266999880016,0.4710011208274557,0.5976266999880016,Alta,Implantar curso
Cametá,Tecnologia em Comércio Exterior,Tecnólogo,GESTAO_NEGOCIOS,False,0,0.64133931,0.5899978257914045,0.5129855994785112,0.45,0.8095238095238095,Alta,4,7,0.5976266999880016,0.4710011208274557,0.5976266999880016,Alta,Implantar curso
Cametá,Design,Bacharelado,GESTAO_NEGOCIOS,False,0,0.64133931,0.5899978257914045,0.5129855994785112,0.45,0.8095238095238095,Alta,4,7,0.5976266999880016,0.4710011208274557,0.5976266999880016,Alta,Implantar curso
Cametá,Engenharia de Software,Bacharelado,ENGENHARIA_TEC,False,0,0.64133931,0.5899978257914045,0.5129855994785112,0.25,0.8095238095238095,Alta,4,7,0.5576266999880015,0.4710011208274557,0.5576266999880015,Alta,Implantar curso
Cametá,Engenharia de Produção,Bacharelado,ENGENHARIA_TEC,False,0,0.64133931,0.5899978257914045,0.5129855994785112,0.25,0.8095238095238095,Alta,4,7,0.5576266999880015,0.4710011208274557,0.5576266999880015,Alta,Implantar curso
Castanhal,Tecnologia em Comércio Exterior,Tecnólogo,GESTAO_NEGOCIOS,False,0,0.60962168,0.5709672477914045,0.5129855994785112,0.8,0.6190476190476191,Muito Alta,8,8,0.614298478968954,0.4262451804322176,0.614298478968954,Alta,Implantar curso
Castanhal,Tecnologia de Alimentos,Tecnólogo,ENGENHARIA_TEC,True,30,0.60962168,0.5709672477914045,0.5129855994785112,0.85,0.6190476190476191,Muito Alta,8,8,0.624298478968954,0.48874518043221765,0.48874518043221765,Média,Manter e ajustar
Castanhal,Secretariado Executivo Trilíngue,Bacharelado,GESTAO_NEGOCIOS,False,0,0.60962168,0.5709672477914045,0.5129855994785112,0.8,0.6190476190476191,Muito Alta,8,8,0.614298478968954,0.4262451804322176,0.614298478968954,Alta,Implantar curso
Castanhal,Filosofia,Licenciatura,EDUCACAO,False,0,0.60962168,0.6138408195253563,0.6201695288133906,0.65,0.6190476190476191,Muito Alta,8,8,0.6239565328228593,0.46268771640607664,0.6239565328228593,Alta,Implantar curso
Castanhal,Engenharia Florestal,Bacharelado,ENGENHARIA_TEC,True,40,0.60962168,0.5709672477914045,0.5129855994785112,0.85,0.6190476190476191,Muito Alta,8,8,0.624298478968954,0.509578513765551,0.509578513765551,Alta,Expandir vagas
Castanhal,Relações Internacionais,Bacharelado,GESTAO_NEGOCIOS,False,0,0.60962168,0.5709672477914045,0.5129855994785112,0.8,0.6190476190476191,Muito Alta,8,8,0.614298478968954,0.4262451804322176,0.614298478968954,Alta,Implantar curso
Castanhal,Ciências Naturais,Licenciatura,EDUCACAO,False,0,0.60962168,0.6138408195253563,0.6201695288133906,0.65,0.6190476190476191,Muito Alta,8,8,0.6239565328228593,0.46268771640607664,0.6239565328228593,Alta,Implantar curso
Castanhal,Química,Licenciatura,EDUCACAO,False,0,0.60962168,0.6138408195253563,0.6201695288133906,0.65,0.6190476190476191,Muito Alta,8,8,0.6239565328228593,0.46268771640607664,0.6239565328228593,Alta,Implantar curso
Castanhal,Engenharia de Software,Bacharelado,ENGENHARIA_TEC,True,30,0.60962168,0.5709672477914045,0.5129855994785112,0.85,0.6190476190476191,Muito Alta,8,8,0.624298478968954,0.48874518043221765,0.48874518043221765,Média,Manter e ajustar
Castanhal,Ciências da Religião,Licenciatura,EDUCACAO,False,0,0.60962168,0.6138408195253563,0.6201695288133906,0.65,0.6190476190476191,Muito Alta,8,8,0.6239565328228593,0.46268771640607664,0.6239565328228593,Alta,Implantar curso
Castanhal,Letras - Língua Inglesa,Licenciatura,EDUCACAO,False,0,0.60962168,0.6138408195253563,0.6201695288133906,0.65,0.6190476190476191,Muito Alta,8,8,0.6239565328228593,0.46268771640607664,0.6239565328228593,Alta,Implantar curso
Castanhal,Geografia,Licenciatura,EDUCACAO,True,40,0.60962168,0.6138408195253563,0.6201695288133906,0.65,0.6190476190476191,Muito Alta,8,8,0.6239565328228593,0.54602104973941,0.54602104973941,Alta,Expandir vagas
Castanhal,Física,Licenciatura,EDUCACAO,True,40,0.60962168,0.6138408195253563,0.6201695288133906,0.65,0.6190476190476191,Muito Alta,8,8,0.6239565328228593,0.54602104973941,0.54602104973941,Alta,Expandir vagas
Castanhal,Ciências Sociais,Licenciatura,EDUCACAO,False,0,0.60962168,0.6138408195253563,0.6201695288133906,0.65,0.6190476190476191,Muito Alta,8,8,0.6239565328228593,0.46268771640607664,0.6239565328228593,Alta,Implantar curso
Castanhal,Educação Física (Licenciatura),Licenciatura,EDUCACAO,False,0,0.60962168,0.6138408195253563,0.6201695288133906,0.65,0.6190476190476191,Muito Alta,8,8,0.6239565328228593,0.46268771640607664,0.6239565328228593,Alta,Implantar curso
Castanhal,Engenharia de Produção,Bacharelado,ENGENHARIA_TEC,True,40,0.60962168,0.5709672477914045,0.5129855994785112,0.85,0.6190476190476191,Muito Alta,8,8,0.624298478968954,0.509578513765551,0.509578513765551,Alta,Expandir vagas
Castanhal,Pedagogia,Licenciatura,EDUCACAO,False,0,0.60962168,0.6138408195253563,0.6201695288133906,0.65,0.6190476190476191,Muito Alta,8,8,0.6239565328228593,0.46268771640607664,0.6239565328228593,Alta,Implantar curso
Castanhal,Design,Bacharelado,GESTAO_NEGOCIOS,False,0,0.60962168,0.5709672477914045,0.5129855994785112,0.8,0.6190476190476191,Muito Alta,8,8,0.614298478968954,0.4262451804322176,0.614298478968954,Alta,Implantar curso
Castanhal,Ciências Biológicas,Licenciatura,EDUCACAO,False,0,0.60962168,0.6138408195253563,0.6201695288133906,0.65,0.6190476190476191,Muito Alta,8,8,0.6239565328228593,0.46268771640607664,0.6239565328228593,Alta,Implantar curso
Castanhal,Matemática,Licenciatura,EDUCACAO,False,0,0.60962168,0.6138408195253563,0.6201695288133906,0.65,0.6190476190476191,Muito Alta,8,8,0.6239565328228593,0.46268771640607664,0.6239565328228593,Alta,Implantar curso
Castanhal,História,Licenciatura,EDUCACAO,False,0,0.60962168,0.6138408195253563,0.6201695288133906,0.65,0.6190476190476191,Muito Alta,8,8,0.6239565328228593,0.46268771640607664,0.6239565328228593,Alta,Implantar curso
Castanhal,Letras - Língua Portuguesa,Licenciatura,EDUCACAO,False,0,0.60962168,0.6138408195253563,0.6201695288133906,0.65,0.6190476190476191,Muito Alta,8,8,0.6239565328228593,0.46268771640607664,0.6239565328228593,Alta,Implantar curso
Castanhal,Biomedicina,Bacharelado,SAUDE,False,0,0.60962168,0.5295084985485841,0.4093387263714601,0.6,0.6190476190476191,Muito Alta,8,8,0.535949135919345,0.3910052435758202,0.535949135919345,Alta,Implantar curso
Castanhal,Terapia Ocupacional,Bacharelado,SAUDE,False,0,0.60962168,0.5295084985485841,0.4093387263714601,0.6,0.6190476190476191,Muito Alta,8,8,0.535949135919345,0.3910052435758202,0.535949135919345,Alta,Implantar curso
Castanhal,Engenharia Civil,Bacharelado,ENGENHARIA_TEC,False,0,0.60962168,0.5743908275007433,0.5215445487518583,0.85,0.6190476190476191,Muito Alta,8,8,0.6274652902000923,0.42915522318515564,0.6274652902000923,Alta,Implantar curso
Castanhal,Engenharia Ambiental e Sanitária,Bacharelado,ENGENHARIA_TEC,True,40,0.60962168,0.5743908275007433,0.5215445487518583,0.85,0.6190476190476191,Muito Alta,8,8,0.6274652902000923,0.5124885565184889,0.5124885565184889,Alta,Expandir vagas
Castanhal,Fonoaudiologia,Bacharelado,SAUDE,False,0,0.60962168,0.5295084985485841,0.4093387263714601,0.6,0.6190476190476191,Muito Alta,8,8,0.535949135919345,0.3910052435758202,0.535949135919345,Alta,Implantar curso
Castanhal,Educação Física (Bacharelado),Bacharelado,SAUDE,False,0,0.60962168,0.5295084985485841,0.4093387263714601,0.6,0.6190476190476191,Muito Alta,8,8,0.535949135919345,0.3910052435758202,0.535949135919345,Alta,Implantar curso
Castanhal,Medicina,Bacharelado,SAUDE,False,0,0.60962168,0.5295084985485841,0.4093387263714601,0.6,0.6190476190476191,Muito Alta,8,8,0.535949135919345,0.3910052435758202,0.535949135919345,Alta,Implantar curso
Castanhal,Fisioterapia,Bacharelado,SAUDE,False,0,0.60962168,0.5295084985485841,0.4093387263714601,0.6,0.6190476190476191,Muito Alta,8,8,0.535949135919345,0.3910052435758202,0.535949135919345,Alta,Implantar curso
Castanhal,Saúde Coletiva,Bacharelado,SAUDE,False,0,0.60962168,0.5295084985485841,0.4093387263714601,0.6,0.6190476190476191,Muito Alta,8,8,0.535949135919345,0.3910052435758202,0.535949135919345,Alta,Implantar curso
Castanhal,Enfermagem,Bacharelado,SAUDE,False,0,0.60962168,0.5295084985485841,0.4093387263714601,0.6,0.6190476190476191,Muito Alta,8,8,0.535949135919345,0.3910052435758202,0.535949135919345,Alta,Implantar curso
Conceição do Araguaia,Educação Física (Bacharelado),Bacharelado,SAUDE,False,0,0.28481103,0.4707645961673945,0.7496949454184861,0.5,0.8571428571428572,Alta,3,3,0.6429388294905541,0.48613516917085675,0.6429388294905541,Alta,Implantar curso
Conceição do Araguaia,Terapia Ocupacional,Bacharelado,SAUDE,False,0,0.28481103,0.4707645961673945,0.7496949454184861,0.5,0.8571428571428572,Alta,3,3,0.6429388294905541,0.48613516917085675,0.6429388294905541,Alta,Implantar curso
Conceição do Araguaia,Fonoaudiologia,Bacharelado,SAUDE,False,0,0.28481103,0.4707645961673945,0.7496949454184861,0.5,0.8571428571428572,Alta,3,3,0.6429388294905541,0.48613516917085675,0.6429388294905541,Alta,Implantar curso
Conceição do Araguaia,Fisioterapia,Bacharelado,SAUDE,False,0,0.28481103,0.4707645961673945,0.7496949454184861,0.5,0.8571428571428572,Alta,3,3,0.6429388294905541,0.48613516917085675,0.6429388294905541,Alta,Implantar curso
Conceição do Araguaia,Ciências Naturais,Licenciatura,EDUCACAO,False,0,0.28481103,0.4157547208355146,0.6121702570887865,0.55,0.8571428571428572,Alta,3,3,0.6020546948085653,0.43937677513875883,0.6020546948085653,Alta,Implantar curso
Conceição do Araguaia,Enfermagem,Bacharelado,SAUDE,True,20,0.28481103,0.4707645961673945,0.7496949454184861,0.5,0.8571428571428572,Alta,3,3,0.6429388294905541,0.5278018358375235,0.5278018358375235,Alta,Expandir vagas
Conceição do Araguaia,Medicina,Bacharelado,SAUDE,False,0,0.28481103,0.4707645961673945,0.7496949454184861,0.5,0.8571428571428572,Alta,3,3,0.6429388294905541,0.48613516917085675,0.6429388294905541,Alta,Implantar curso
Conceição do Araguaia,Saúde Coletiva,Bacharelado,SAUDE,False,0,0.28481103,0.4707645961673945,0.7496949454184861,0.5,0.8571428571428572,Alta,3,3,0.6429388294905541,0.48613516917085675,0.6429388294905541,Alta,Implantar curso
Conceição do Araguaia,Ciências da Religião,Licenciatura,EDUCACAO,False,0,0.28481103,0.4157547208355146,0.6121702570887865,0.55,0.8571428571428572,Alta,3,3,0.6020546948085653,0.43937677513875883,0.6020546948085653,Alta,Implantar curso
Conceição do Araguaia,Filosofia,Licenciatura,EDUCACAO,False,0,0.28481103,0.4157547208355146,0.6121702570887865,0.55,0.8571428571428572,Alta,3,3,0.6020546948085653,0.43937677513875883,0.6020546948085653,Alta,Implantar curso
Conceição do Araguaia,História,Licenciatura,EDUCACAO,False,0,0.28481103,0.4157547208355146,0.6121702570887865,0.55,0.8571428571428572,Alta,3,3,0.6020546948085653,0.43937677513875883,0.6020546948085653,Alta,Implantar curso
Conceição do Araguaia,Letras - Língua Portuguesa,Licenciatura,EDUCACAO,False,0,0.28481103,0.4157547208355146,0.6121702570887865,0.55,0.8571428571428572,Alta,3,3,0.6020546948085653,0.43937677513875883,0.6020546948085653,Alta,Implantar curso
Conceição do Araguaia,Educação Física (Licenciatura),Licenciatura,EDUCACAO,False,0,0.28481103,0.4157547208355146,0.6121702570887865,0.55,0.8571428571428572,Alta,3,3,0.6020546948085653,0.43937677513875883,0.6020546948085653,Alta,Implantar curso
Conceição do Araguaia,Ciências Sociais,Licenciatura,EDUCACAO,True,40,0.28481103,0.4157547208355146,0.6121702570887865,0.55,0.8571428571428572,Alta,3,3,0.6020546948085653,0.5227101084720922,0.5227101084720922,Alta,Expandir vagas
Conceição do Araguaia,Engenharia Florestal,Bacharelado,ENGENHARIA_TEC,False,0,0.28481103,0.37608085779140454,0.5129855994785112,0.25,0.8571428571428572,Alta,3,3,0.5053563714927635,0.40565399155126525,0.5053563714927635,Alta,Implantar curso
Conceição do Araguaia,Geografia,Licenciatura,EDUCACAO,False,0,0.28481103,0.4157547208355146,0.6121702570887865,0.55,0.8571428571428572,Alta,3,3,0.6020546948085653,0.43937677513875883,0.6020546948085653,Alta,Implantar curso
Conceição do Araguaia,Letras - Língua Inglesa,Licenciatura,EDUCACAO,False,0,0.28481103,0.4157547208355146,0.6121702570887865,0.55,0.8571428571428572,Alta,3,3,0.6020546948085653,0.43937677513875883,0.6020546948085653,Alta,Implantar curso
Conceição do Araguaia,Ciências Biológicas,Licenciatura,EDUCACAO,True,40,0.28481103,0.4157547208355146,0.6121702570887865,0.55,0.8571428571428572,Alta,3,3,0.6020546948085653,0.5227101084720922,0.5227101084720922,Alta,Expandir vagas
Conceição do Araguaia,Biomedicina,Bacharelado,SAUDE,False,0,0.28481103,0.4707645961673945,0.7496949454184861,0.5,0.8571428571428572,Alta,3,3,0.6429388294905541,0.48613516917085675,0.6429388294905541,Alta,Implantar curso
Conceição do Araguaia,Pedagogia,Licenciatura,EDUCACAO,True,40,0.28481103,0.4157547208355146,0.6121702570887865,0.55,0.8571428571428572,Alta,3,3,0.6020546948085653,0.5227101084720922,0.5227101084720922,Alta,Expandir vagas
Conceição do Araguaia,Tecnologia de Alimentos,Tecnólogo,ENGENHARIA_TEC,False,0,0.28481103,0.37608085779140454,0.5129855994785112,0.25,0.8571428571428572,Alta,3,3,0.5053563714927635,0.40565399155126525,0.5053563714927635,Alta,Implantar curso
Conceição do Araguaia,Matemática,Licenciatura,EDUCACAO,True,40,0.28481103,0.4157547208355146,0.6121702570887865,0.55,0.8571428571428572,Alta,3,3,0.6020546948085653,0.5227101084720922,0.5227101084720922,Alta,Expandir vagas
Conceição do Araguaia,Física,Licenciatura,EDUCACAO,False,0,0.28481103,0.4157547208355146,0.6121702570887865,0.55,0.8571428571428572,Alta,3,3,0.6020546948085653,0.43937677513875883,0.6020546948085653,Alta,Implantar curso
Conceição do Araguaia,Química,Licenciatura,EDUCACAO,True,40,0.28481103,0.4157547208355146,0.6121702570887865,0.55,0.8571428571428572,Alta,3,3,0.6020546948085653,0.5227101084720922,0.5227101084720922,Alta,Expandir vagas
Conceição do Araguaia,Secretariado Executivo Trilíngue,Bacharelado,GESTAO_NEGOCIOS,False,0,0.28481103,0.37608085779140454,0.5129855994785112,0.55,0.8571428571428572,Alta,3,3,0.5653563714927634,0.40565399155126525,0.5653563714927634,Alta,Implantar curso
Conceição do Araguaia,Relações Internacionais,Bacharelado,GESTAO_NEGOCIOS,False,0,0.28481103,0.37608085779140454,0.5129855994785112,0.55,0.8571428571428572,Alta,3,3,0.5653563714927634,0.40565399155126525,0.5653563714927634,Alta,Implantar curso
Conceição do Araguaia,Design,Bacharelado,GESTAO_NEGOCIOS,False,0,0.28481103,0.37608085779140454,0.5129855994785112,0.55,0.8571428571428572,Alta,3,3,0.5653563714927634,0.40565399155126525,0.5653563714927634,Alta,Implantar curso
Conceição do Araguaia,Engenharia Ambiental e Sanitária,Bacharelado,ENGENHARIA_TEC,False,0,0.28481103,0.39090814020822906,0.5500538055205726,0.25,0.8571428571428572,Alta,3,3,0.5190716077283262,0.41825718160556613,0.5190716077283262,Alta,Implantar curso
Conceição do Araguaia,Tecnologia em Comércio Exterior,Tecnólogo,GESTAO_NEGOCIOS,False,0,0.28481103,0.37608085779140454,0.5129855994785112,0.55,0.8571428571428572,Alta,3,3,0.5653563714927634,0.40565399155126525,0.5653563714927634,Alta,Implantar curso
Conceição do Araguaia,Engenharia Civil,Bacharelado,ENGENHARIA_TEC,False,0,0.28481103,0.39090814020822906,0.5500538055205726,0.25,0.8571428571428572,Alta,3,3,0.5190716077283262,0.41825718160556613,0.5190716077283262,Alta,Implantar curso
Conceição do Araguaia,Engenharia de Software,Bacharelado,ENGENHARIA_TEC,False,0,0.28481103,0.37608085779140454,0.5129855994785112,0.25,0.8571428571428572,Alta,3,3,0.5053563714927635,0.40565399155126525,0.5053563714927635,Alta,Implantar curso
Conceição do Araguaia,Engenharia de Produção,Bacharelado,ENGENHARIA_TEC,False,0,0.28481103,0.37608085779140454,0.5129855994785112,0.25,0.8571428571428572,Alta,3,3,0.5053563714927635,0.40565399155126525,0.5053563714927635,Alta,Implantar curso
Igarapé-Açu,Ciências Naturais,Licenciatura,EDUCACAO,True,40,0.43276133,0.5967668975240283,0.842775248810071,0.6,0.9523809523809523,Média,1,0,0.7478191195549644,0.6512329877049479,0.6512329877049479,Alta,Expandir vagas
Igarapé-Açu,Ciências Biológicas,Licenciatura,EDUCACAO,False,0,0.43276133,0.5967668975240283,0.842775248810071,0.6,0.9523809523809523,Média,1,0,0.7478191195549644,0.5678996543716146,0.7478191195549644,Alta,Implantar curso
Igarapé-Açu,Filosofia,Licenciatura,EDUCACAO,False,0,0.43276133,0.5967668975240283,0.842775248810071,0.6,0.9523809523809523,Média,1,0,0.7478191195549644,0.5678996543716146,0.7478191195549644,Alta,Implantar curso
Igarapé-Açu,Pedagogia,Licenciatura,EDUCACAO,False,0,0.43276133,0.5967668975240283,0.842775248810071,0.6,0.9523809523809523,Média,1,0,0.7478191195549644,0.5678996543716146,0.7478191195549644,Alta,Implantar curso
Igarapé-Açu,Geografia,Licenciatura,EDUCACAO,False,0,0.43276133,0.5967668975240283,0.842775248810071,0.6,0.9523809523809523,Média,1,0,0.7478191195549644,0.5678996543716146,0.7478191195549644,Alta,Implantar curso
Igarapé-Açu,Educação Física (Licenciatura),Licenciatura,EDUCACAO,False,0,0.43276133,0.5967668975240283,0.842775248810071,0.6,0.9523809523809523,Média,1,0,0.7478191195549644,0.5678996543716146,0.7478191195549644,Alta,Implantar curso
Igarapé-Açu,Letras - Língua Portuguesa,Licenciatura,EDUCACAO,False,0,0.43276133,0.5967668975240283,0.842775248810071,0.6,0.9523809523809523,Média,1,0,0.7478191195549644,0.5678996543716146,0.7478191195549644,Alta,Implantar curso
Igarapé-Açu,Ciências da Religião,Licenciatura,EDUCACAO,False,0,0.43276133,0.5967668975240283,0.842775248810071,0.6,0.9523809523809523,Média,1,0,0.7478191195549644,0.5678996543716146,0.7478191195549644,Alta,Implantar curso
Igarapé-Açu,Engenharia Florestal,Bacharelado,ENGENHARIA_TEC,False,0,0.43276133,0.46485103779140446,0.5129855994785112,0.55,0.9523809523809523,Média,1,0,0.6157969493022872,0.4557711735988843,0.6157969493022872,Alta,Implantar curso
Igarapé-Açu,Matemática,Licenciatura,EDUCACAO,True,40,0.43276133,0.5967668975240283,0.842775248810071,0.6,0.9523809523809523,Média,1,0,0.7478191195549644,0.6512329877049479,0.6512329877049479,Alta,Expandir vagas
Igarapé-Açu,Ciências Sociais,Licenciatura,EDUCACAO,True,40,0.43276133,0.5967668975240283,0.842775248810071,0.6,0.9523809523809523,Média,1,0,0.7478191195549644,0.6512329877049479,0.6512329877049479,Alta,Expandir vagas
Igarapé-Açu,Química,Licenciatura,EDUCACAO,False,0,0.43276133,0.5967668975240283,0.842775248810071,0.6,0.9523809523809523,Média,1,0,0.7478191195549644,0.5678996543716146,0.7478191195549644,Alta,Implantar curso
Igarapé-Açu,Tecnologia de Alimentos,Tecnólogo,ENGENHARIA_TEC,False,0,0.43276133,0.46485103779140446,0.5129855994785112,0.55,0.9523809523809523,Média,1,0,0.6157969493022872,0.4557711735988843,0.6157969493022872,Alta,Implantar curso
Igarapé-Açu,História,Licenciatura,EDUCACAO,False,0,0.43276133,0.5967668975240283,0.842775248810071,0.6,0.9523809523809523,Média,1,0,0.7478191195549644,0.5678996543716146,0.7478191195549644,Alta,Implantar curso
Igarapé-Açu,Física,Licenciatura,EDUCACAO,False,0,0.43276133,0.5967668975240283,0.842775248810071,0.6,0.9523809523809523,Média,1,0,0.7478191195549644,0.5678996543716146,0.7478191195549644,Alta,Implantar curso
Igarapé-Açu,Letras - Língua Inglesa,Licenciatura,EDUCACAO,False,0,0.43276133,0.5967668975240283,0.842775248810071,0.6,0.9523809523809523,Média,1,0,0.7478191195549644,0.5678996543716146,0.7478191195549644,Alta,Implantar curso
Igarapé-Açu,Fonoaudiologia,Bacharelado,SAUDE,False,0,0.43276133,0.5747863797526835,0.787823954381709,0.4,0.9523809523809523,Média,1,0,0.6874871406164704,0.5492162142659716,0.6874871406164704,Alta,Implantar curso
Igarapé-Açu,Saúde Coletiva,Bacharelado,SAUDE,False,0,0.43276133,0.5747863797526835,0.787823954381709,0.4,0.9523809523809523,Média,1,0,0.6874871406164704,0.5492162142659716,0.6874871406164704,Alta,Implantar curso
Igarapé-Açu,Terapia Ocupacional,Bacharelado,SAUDE,False,0,0.43276133,0.5747863797526835,0.787823954381709,0.4,0.9523809523809523,Média,1,0,0.6874871406164704,0.5492162142659716,0.6874871406164704,Alta,Implantar curso
Igarapé-Açu,Biomedicina,Bacharelado,SAUDE,False,0,0.43276133,0.5747863797526835,0.787823954381709,0.4,0.9523809523809523,Média,1,0,0.6874871406164704,0.5492162142659716,0.6874871406164704,Alta,Implantar curso
Igarapé-Açu,Enfermagem,Bacharelado,SAUDE,False,0,0.43276133,0.5747863797526835,0.787823954381709,0.4,0.9523809523809523,Média,1,0,0.6874871406164704,0.5492162142659716,0.6874871406164704,Alta,Implantar curso
Igarapé-Açu,Medicina,Bacharelado,SAUDE,False,0,0.43276133,0.5747863797526835,0.787823954381709,0.4,0.9523809523809523,Média,1,0,0.6874871406164704,0.5492162142659716,0.6874871406164704,Alta,Implantar curso
Igarapé-Açu,Fisioterapia,Bacharelado,SAUDE,False,0,0.43276133,0.5747863797526835,0.787823954381709,0.4,0.9523809523809523,Média,1,0,0.6874871406164704,0.5492162142659716,0.6874871406164704,Alta,Implantar curso
Igarapé-Açu,Educação Física (Bacharelado),Bacharelado,SAUDE,False,0,0.43276133,0.5747863797526835,0.787823954381709,0.4,0.9523809523809523,Média,1,0,0.6874871406164704,0.5492162142659716,0.6874871406164704,Alta,Implantar curso
Igarapé-Açu,Engenharia Ambiental e Sanitária,Bacharelado,ENGENHARIA_TEC,False,0,0.43276133,0.5136081193395864,0.634878303348966,0.55,0.9523809523809523,Média,1,0,0.6608972497343555,0.4972146929148389,0.6608972497343555,Alta,Implantar curso
Igarapé-Açu,Secretariado Executivo Trilíngue,Bacharelado,GESTAO_NEGOCIOS,False,0,0.43276133,0.46485103779140446,0.5129855994785112,0.4,0.9523809523809523,Média,1,0,0.5857969493022872,0.4557711735988843,0.5857969493022872,Alta,Implantar curso
Igarapé-Açu,Relações Internacionais,Bacharelado,GESTAO_NEGOCIOS,False,0,0.43276133,0.46485103779140446,0.5129855994785112,0.4,0.9523809523809523,Média,1,0,0.5857969493022872,0.4557711735988843,0.5857969493022872,Alta,Implantar curso
Igarapé-Açu,Engenharia Civil,Bacharelado,ENGENHARIA_TEC,False,0,0.43276133,0.5136081193395864,0.634878303348966,0.55,0.9523809523809523,Média,1,0,0.6608972497343555,0.4972146929148389,0.6608972497343555,Alta,Implantar curso
Igarapé-Açu,Engenharia de Produção,Bacharelado,ENGENHARIA_TEC,False,0,0.43276133,0.46485103779140446,0.5129855994785112,0.55,0.9523809523809523,Média,1,0,0.6157969493022872,0.4557711735988843,0.6157969493022872,Alta,Implantar curso
Igarapé-Açu,Design,Bacharelado,GESTAO_NEGOCIOS,False,0,0.43276133,0.46485103779140446,0.5129855994785112,0.4,0.9523809523809523,Média,1,0,0.5857969493022872,0.4557711735988843,0.5857969493022872,Alta,Implantar curso
Igarapé-Açu,Tecnologia em Comércio Exterior,Tecnólogo,GESTAO_NEGOCIOS,False,0,0.43276133,0.46485103779140446,0.5129855994785112,0.4,0.9523809523809523,Média,1,0,0.5857969493022872,0.4557711735988843,0.5857969493022872,Alta,Implantar curso
Igarapé-Açu,Engenharia de Software,Bacharelado,ENGENHARIA_TEC,False,0,0.43276133,0.46485103779140446,0.5129855994785112,0.55,0.9523809523809523,Média,1,0,0.6157969493022872,0.4557711735988843,0.6157969493022872,Alta,Implantar curso
Marabá,Tecnologia em Comércio Exterior,Tecnólogo,GESTAO_NEGOCIOS,False,0,0.62599458,0.5807909877914045,0.5129855994785112,0.8,0.6190476190476191,Muito Alta,8,12,0.617245600968954,0.4296834894322176,0.617245600968954,Alta,Implantar curso
Marabá,Secretariado Executivo Trilíngue,Bacharelado,GESTAO_NEGOCIOS,False,0,0.62599458,0.5807909877914045,0.5129855994785112,0.8,0.6190476190476191,Muito Alta,8,12,0.617245600968954,0.4296834894322176,0.617245600968954,Alta,Implantar curso
Marabá,Relações Internacionais,Bacharelado,GESTAO_NEGOCIOS,False,0,0.62599458,0.5807909877914045,0.5129855994785112,0.8,0.6190476190476191,Muito Alta,8,12,0.617245600968954,0.4296834894322176,0.617245600968954,Alta,Implantar curso
Marabá,Engenharia de Produção,Bacharelado,ENGENHARIA_TEC,True,40,0.62599458,0.5807909877914045,0.5129855994785112,0.85,0.6190476190476191,Muito Alta,8,12,0.6272456009689539,0.5130168227655509,0.5130168227655509,Alta,Expandir vagas
Marabá,Tecnologia de Alimentos,Tecnólogo,ENGENHARIA_TEC,False,0,0.62599458,0.5807909877914045,0.5129855994785112,0.85,0.6190476190476191,Muito Alta,8,12,0.6272456009689539,0.4296834894322176,0.6272456009689539,Alta,Implantar curso
Marabá,Engenharia Ambiental e Sanitária,Bacharelado,ENGENHARIA_TEC,True,40,0.62599458,0.597998047339173,0.5560032483479325,0.85,0.6190476190476191,Muito Alta,8,12,0.6431621310506398,0.5276428233811541,0.5276428233811541,Alta,Expandir vagas
Marabá,Engenharia Florestal,Bacharelado,ENGENHARIA_TEC,True,40,0.62599458,0.5807909877914045,0.5129855994785112,0.85,0.6190476190476191,Muito Alta,8,12,0.6272456009689539,0.5130168227655509,0.5130168227655509,Alta,Expandir vagas
Marabá,Química,Licenciatura,EDUCACAO,False,0,0.62599458,0.5531677966850728,0.44392762171268185,0.65,0.6190476190476191,Muito Alta,8,12,0.5616941491955971,0.40620377699183563,0.5616941491955971,Alta,Implantar curso
Marabá,Biomedicina,Bacharelado,SAUDE,True,30,0.62599458,0.5317190028511842,0.3903056371279607,0.7,0.6190476190476191,Muito Alta,8,12,0.5518540148992502,0.4504723022330304,0.4504723022330304,Média,Manter e ajustar
Marabá,Educação Física (Licenciatura),Licenciatura,EDUCACAO,False,0,0.62599458,0.5531677966850728,0.44392762171268185,0.65,0.6190476190476191,Muito Alta,8,12,0.5616941491955971,0.40620377699183563,0.5616941491955971,Alta,Implantar curso
Marabá,Fisioterapia,Bacharelado,SAUDE,False,0,0.62599458,0.5317190028511842,0.3903056371279607,0.7,0.6190476190476191,Muito Alta,8,12,0.5518540148992502,0.3879723022330304,0.5518540148992502,Alta,Implantar curso
Marabá,Design,Bacharelado,GESTAO_NEGOCIOS,False,0,0.62599458,0.5807909877914045,0.5129855994785112,0.8,0.6190476190476191,Muito Alta,8,12,0.617245600968954,0.4296834894322176,0.617245600968954,Alta,Implantar curso
Marabá,Filosofia,Licenciatura,EDUCACAO,False,0,0.62599458,0.5531677966850728,0.44392762171268185,0.65,0.6190476190476191,Muito Alta,8,12,0.5616941491955971,0.40620377699183563,0.5616941491955971,Alta,Implantar curso
Marabá,Engenharia Civil,Bacharelado,ENGENHARIA_TEC,False,0,0.62599458,0.597998047339173,0.5560032483479325,0.85,0.6190476190476191,Muito Alta,8,12,0.6431621310506398,0.44430949004782083,0.6431621310506398,Alta,Implantar curso
Marabá,Ciências Naturais,Licenciatura,EDUCACAO,False,0,0.62599458,0.5531677966850728,0.44392762171268185,0.65,0.6190476190476191,Muito Alta,8,12,0.5616941491955971,0.40620377699183563,0.5616941491955971,Alta,Implantar curso
Marabá,Terapia Ocupacional,Bacharelado,SAUDE,False,0,0.62599458,0.5317190028511842,0.3903056371279607,0.7,0.6190476190476191,Muito Alta,8,12,0.5518540148992502,0.3879723022330304,0.5518540148992502,Alta,Implantar curso
Marabá,Fonoaudiologia,Bacharelado,SAUDE,False,0,0.62599458,0.5317190028511842,0.3903056371279607,0.7,0.6190476190476191,Muito Alta,8,12,0.5518540148992502,0.3879723022330304,0.5518540148992502,Alta,Implantar curso
Marabá,Medicina,Bacharelado,SAUDE,True,40,0.62599458,0.5317190028511842,0.3903056371279607,0.7,0.6190476190476191,Muito Alta,8,12,0.5518540148992502,0.47130563556636373,0.47130563556636373,Média,Manter e ajustar
Marabá,Física,Licenciatura,EDUCACAO,False,0,0.62599458,0.5531677966850728,0.44392762171268185,0.65,0.6190476190476191,Muito Alta,8,12,0.5616941491955971,0.40620377699183563,0.5616941491955971,Alta,Implantar curso
Marabá,Engenharia de Software,Bacharelado,ENGENHARIA_TEC,False,0,0.62599458,0.5807909877914045,0.5129855994785112,0.85,0.6190476190476191,Muito Alta,8,12,0.6272456009689539,0.4296834894322176,0.6272456009689539,Alta,Implantar curso
Marabá,Letras - Língua Inglesa,Licenciatura,EDUCACAO,False,0,0.62599458,0.5531677966850728,0.44392762171268185,0.65,0.6190476190476191,Muito Alta,8,12,0.5616941491955971,0.40620377699183563,0.5616941491955971,Alta,Implantar curso
Marabá,Saúde Coletiva,Bacharelado,SAUDE,False,0,0.62599458,0.5317190028511842,0.3903056371279607,0.7,0.6190476190476191,Muito Alta,8,12,0.5518540148992502,0.3879723022330304,0.5518540148992502,Alta,Implantar curso
Marabá,Ciências da Religião,Licenciatura,EDUCACAO,False,0,0.62599458,0.5531677966850728,0.44392762171268185,0.65,0.6190476190476191,Muito Alta,8,12,0.5616941491955971,0.40620377699183563,0.5616941491955971,Alta,Implantar curso
Marabá,Educação Física (Bacharelado),Bacharelado,SAUDE,False,0,0.62599458,0.5317190028511842,0.3903056371279607,0.7,0.6190476190476191,Muito Alta,8,12,0.5518540148992502,0.3879723022330304,0.5518540148992502,Alta,Implantar curso
Marabá,Pedagogia,Licenciatura,EDUCACAO,False,0,0.62599458,0.5531677966850728,0.44392762171268185,0.65,0.6190476190476191,Muito Alta,8,12,0.5616941491955971,0.40620377699183563,0.5616941491955971,Alta,Implantar curso
Marabá,Ciências Biológicas,Licenciatura,EDUCACAO,True,40,0.62599458,0.5531677966850728,0.44392762171268185,0.65,0.6190476190476191,Muito Alta,8,12,0.5616941491955971,0.489537110325169,0.489537110325169,Média,Manter e ajustar
Marabá,Geografia,Licenciatura,EDUCACAO,False,0,0.62599458,0.5531677966850728,0.44392762171268185,0.65,0.6190476190476191,Muito Alta,8,12,0.5616941491955971,0.40620377699183563,0.5616941491955971,Alta,Implantar curso
Marabá,Enfermagem,Bacharelado,SAUDE,False,0,0.62599458,0.5317190028511842,0.3903056371279607,0.7,0.6190476190476191,Muito Alta,8,12,0.5518540148992502,0.3879723022330304,0.5518540148992502,Alta,Implantar curso
Marabá,Matemática,Licenciatura,EDUCACAO,False,0,0.62599458,0.5531677966850728,0.44392762171268185,0.65,0.6190476190476191,Muito Alta,8,12,0.5616941491955971,0.40620377699183563,0.5616941491955971,Alta,Implantar curso
Marabá,Ciências Sociais,Licenciatura,EDUCACAO,False,0,0.62599458,0.5531677966850728,0.44392762171268185,0.65,0.6190476190476191,Muito Alta,8,12,0.5616941491955971,0.40620377699183563,0.5616941491955971,Alta,Implantar curso
Marabá,Letras - Língua Portuguesa,Licenciatura,EDUCACAO,False,0,0.62599458,0.5531677966850728,0.44392762171268185,0.65,0.6190476190476191,Muito Alta,8,12,0.5616941491955971,0.40620377699183563,0.5616941491955971,Alta,Implantar curso
Marabá,História,Licenciatura,EDUCACAO,False,0,0.62599458,0.5531677966850728,0.44392762171268185,0.65,0.6190476190476191,Muito Alta,8,12,0.5616941491955971,0.40620377699183563,0.5616941491955971,Alta,Implantar curso
Moju,Ciências Naturais,Licenciatura,EDUCACAO,False,0,0.56466995,0.7388019699999999,1.0,0.55,0.9523809523809523,Média,1,0,0.8197358290952381,0.6490568799761904,0.8197358290952381,Muito Alta,IMPLANTAR CURSO URGENTE
Moju,Ciências Biológicas,Licenciatura,EDUCACAO,False,0,0.56466995,0.7388019699999999,1.0,0.55,0.9523809523809523,Média,1,0,0.8197358290952381,0.6490568799761904,0.8197358290952381,Muito Alta,IMPLANTAR CURSO URGENTE
Moju,Geografia,Licenciatura,EDUCACAO,False,0,0.56466995,0.7388019699999999,1.0,0.55,0.9523809523809523,Média,1,0,0.8197358290952381,0.6490568799761904,0.8197358290952381,Muito Alta,IMPLANTAR CURSO URGENTE
Moju,Filosofia,Licenciatura,EDUCACAO,False,0,0.56466995,0.7388019699999999,1.0,0.55,0.9523809523809523,Média,1,0,0.8197358290952381,0.6490568799761904,0.8197358290952381,Muito Alta,IMPLANTAR CURSO URGENTE
Moju,Pedagogia,Licenciatura,EDUCACAO,True,40,0.56466995,0.7388019699999999,1.0,0.55,0.9523809523809523,Média,1,0,0.8197358290952381,0.7323902133095237,0.7323902133095237,Alta,Expandir vagas
Moju,Educação Física (Licenciatura),Licenciatura,EDUCACAO,False,0,0.56466995,0.7388019699999999,1.0,0.55,0.9523809523809523,Média,1,0,0.8197358290952381,0.6490568799761904,0.8197358290952381,Muito Alta,IMPLANTAR CURSO URGENTE
Moju,Letras - Língua Portuguesa,Licenciatura,EDUCACAO,True,40,0.56466995,0.7388019699999999,1.0,0.55,0.9523809523809523,Média,1,0,0.8197358290952381,0.7323902133095237,0.7323902133095237,Alta,Expandir vagas
Moju,Ciências da Religião,Licenciatura,EDUCACAO,False,0,0.56466995,0.7388019699999999,1.0,0.55,0.9523809523809523,Média,1,0,0.8197358290952381,0.6490568799761904,0.8197358290952381,Muito Alta,IMPLANTAR CURSO URGENTE
Moju,Ciências Sociais,Licenciatura,EDUCACAO,False,0,0.56466995,0.7388019699999999,1.0,0.55,0.9523809523809523,Média,1,0,0.8197358290952381,0.6490568799761904,0.8197358290952381,Muito Alta,IMPLANTAR CURSO URGENTE
Moju,Engenharia Ambiental e Sanitária,Bacharelado,ENGENHARIA_TEC,False,0,0.56466995,0.7388019699999999,1.0,0.45,0.9523809523809523,Média,1,0,0.7997358290952381,0.6490568799761904,0.7997358290952381,Muito Alta,IMPLANTAR CURSO URGENTE
Moju,Matemática,Licenciatura,EDUCACAO,True,40,0.56466995,0.7388019699999999,1.0,0.55,0.9523809523809523,Média,1,0,0.8197358290952381,0.7323902133095237,0.7323902133095237,Alta,Expandir vagas
Moju,Química,Licenciatura,EDUCACAO,False,0,0.56466995,0.7388019699999999,1.0,0.55,0.9523809523809523,Média,1,0,0.8197358290952381,0.6490568799761904,0.8197358290952381,Muito Alta,IMPLANTAR CURSO URGENTE
Moju,Letras - Língua Inglesa,Licenciatura,EDUCACAO,False,0,0.56466995,0.7388019699999999,1.0,0.55,0.9523809523809523,Média,1,0,0.8197358290952381,0.6490568799761904,0.8197358290952381,Muito Alta,IMPLANTAR CURSO URGENTE
Moju,Física,Licenciatura,EDUCACAO,False,0,0.56466995,0.7388019699999999,1.0,0.55,0.9523809523809523,Média,1,0,0.8197358290952381,0.6490568799761904,0.8197358290952381,Muito Alta,IMPLANTAR CURSO URGENTE
Moju,História,Licenciatura,EDUCACAO,False,0,0.56466995,0.7388019699999999,1.0,0.55,0.9523809523809523,Média,1,0,0.8197358290952381,0.6490568799761904,0.8197358290952381,Muito Alta,IMPLANTAR CURSO URGENTE
Moju,Engenharia Florestal,Bacharelado,ENGENHARIA_TEC,False,0,0.56466995,0.5439962097914044,0.5129855994785112,0.45,0.9523809523809523,Média,1,0,0.6195405009022872,0.48347198379888423,0.6195405009022872,Alta,Implantar curso
Moju,Engenharia Civil,Bacharelado,ENGENHARIA_TEC,False,0,0.56466995,0.7388019699999999,1.0,0.45,0.9523809523809523,Média,1,0,0.7997358290952381,0.6490568799761904,0.7997358290952381,Muito Alta,IMPLANTAR CURSO URGENTE
Moju,Tecnologia de Alimentos,Tecnólogo,ENGENHARIA_TEC,False,0,0.56466995,0.5439962097914044,0.5129855994785112,0.45,0.9523809523809523,Média,1,0,0.6195405009022872,0.48347198379888423,0.6195405009022872,Alta,Implantar curso
Moju,Saúde Coletiva,Bacharelado,SAUDE,False,0,0.56466995,0.5277919344934965,0.4724749112337414,0.4,0.9523809523809523,Média,1,0,0.5945515462517224,0.4696983497956625,0.5945515462517224,Alta,Implantar curso
Moju,Fonoaudiologia,Bacharelado,SAUDE,False,0,0.56466995,0.5277919344934965,0.4724749112337414,0.4,0.9523809523809523,Média,1,0,0.5945515462517224,0.4696983497956625,0.5945515462517224,Alta,Implantar curso
Moju,Terapia Ocupacional,Bacharelado,SAUDE,False,0,0.56466995,0.5277919344934965,0.4724749112337414,0.4,0.9523809523809523,Média,1,0,0.5945515462517224,0.4696983497956625,0.5945515462517224,Alta,Implantar curso
Moju,Enfermagem,Bacharelado,SAUDE,False,0,0.56466995,0.5277919344934965,0.4724749112337414,0.4,0.9523809523809523,Média,1,0,0.5945515462517224,0.4696983497956625,0.5945515462517224,Alta,Implantar curso
Moju,Medicina,Bacharelado,SAUDE,False,0,0.56466995,0.5277919344934965,0.4724749112337414,0.4,0.9523809523809523,Média,1,0,0.5945515462517224,0.4696983497956625,0.5945515462517224,Alta,Implantar curso
Moju,Biomedicina,Bacharelado,SAUDE,False,0,0.56466995,0.5277919344934965,0.4724749112337414,0.4,0.9523809523809523,Média,1,0,0.5945515462517224,0.4696983497956625,0.5945515462517224,Alta,Implantar curso
Moju,Fisioterapia,Bacharelado,SAUDE,False,0,0.56466995,0.5277919344934965,0.4724749112337414,0.4,0.9523809523809523,Média,1,0,0.5945515462517224,0.4696983497956625,0.5945515462517224,Alta,Implantar curso
Moju,Educação Física (Bacharelado),Bacharelado,SAUDE,False,0,0.56466995,0.5277919344934965,0.4724749112337414,0.4,0.9523809523809523,Média,1,0,0.5945515462517224,0.4696983497956625,0.5945515462517224,Alta,Implantar curso
Moju,Secretariado Executivo Trilíngue,Bacharelado,GESTAO_NEGOCIOS,False,0,0.56466995,0.5439962097914044,0.5129855994785112,0.4,0.9523809523809523,Média,1,0,0.6095405009022872,0.48347198379888423,0.6095405009022872,Alta,Implantar curso
Moju,Relações Internacionais,Bacharelado,GESTAO_NEGOCIOS,False,0,0.56466995,0.5439962097914044,0.5129855994785112,0.4,0.9523809523809523,Média,1,0,0.6095405009022872,0.48347198379888423,0.6095405009022872,Alta,Implantar curso
Moju,Tecnologia em Comércio Exterior,Tecnólogo,GESTAO_NEGOCIOS,False,0,0.56466995,0.5439962097914044,0.5129855994785112,0.4,0.9523809523809523,Média,1,0,0.6095405009022872,0.48347198379888423,0.6095405009022872,Alta,Implantar curso
Moju,Engenharia de Produção,Bacharelado,ENGENHARIA_TEC,False,0,0.56466995,0.5439962097914044,0.5129855994785112,0.45,0.9523809523809523,Média,1,0,0.6195405009022872,0.48347198379888423,0.6195405009022872,Alta,Implantar curso
Moju,Design,Bacharelado,GESTAO_NEGOCIOS,False,0,0.56466995,0.5439962097914044,0.5129855994785112,0.4,0.9523809523809523,Média,1,0,0.6095405009022872,0.48347198379888423,0.6095405009022872,Alta,Implantar curso
Moju,Engenharia de Software,Bacharelado,ENGENHARIA_TEC,False,0,0.56466995,0.5439962097914044,0.5129855994785112,0.45,0.9523809523809523,Média,1,0,0.6195405009022872,0.48347198379888423,0.6195405009022872,Alta,Implantar curso
Paragominas,Engenharia Florestal,Bacharelado,ENGENHARIA_TEC,True,40,0.37561073,0.4305606777914045,0.5129855994785112,0.75,0.8095238095238095,Alta,4,3,0.6097955555880015,0.4985314523607891,0.4985314523607891,Média,Manter e ajustar
Paragominas,Tecnologia de Alimentos,Tecnólogo,ENGENHARIA_TEC,False,0,0.37561073,0.4305606777914045,0.5129855994785112,0.75,0.8095238095238095,Alta,4,3,0.6097955555880015,0.41519811902745574,0.6097955555880015,Alta,Implantar curso
Paragominas,Ciências Naturais,Licenciatura,EDUCACAO,False,0,0.37561073,0.4439408688709481,0.5464360771773702,0.5,0.8095238095238095,Alta,4,3,0.5721722323365794,0.42657128144506773,0.5721722323365794,Alta,Implantar curso
Paragominas,Engenharia de Produção,Bacharelado,ENGENHARIA_TEC,False,0,0.37561073,0.4305606777914045,0.5129855994785112,0.75,0.8095238095238095,Alta,4,3,0.6097955555880015,0.41519811902745574,0.6097955555880015,Alta,Implantar curso
Paragominas,Tecnologia em Comércio Exterior,Tecnólogo,GESTAO_NEGOCIOS,False,0,0.37561073,0.4305606777914045,0.5129855994785112,0.65,0.8095238095238095,Alta,4,3,0.5897955555880015,0.41519811902745574,0.5897955555880015,Alta,Implantar curso
Paragominas,Ciências Biológicas,Licenciatura,EDUCACAO,True,40,0.37561073,0.4439408688709481,0.5464360771773702,0.5,0.8095238095238095,Alta,4,3,0.5721722323365794,0.5099046147784011,0.5099046147784011,Alta,Expandir vagas
Paragominas,Secretariado Executivo Trilíngue,Bacharelado,GESTAO_NEGOCIOS,False,0,0.37561073,0.4305606777914045,0.5129855994785112,0.65,0.8095238095238095,Alta,4,3,0.5897955555880015,0.41519811902745574,0.5897955555880015,Alta,Implantar curso
Paragominas,Geografia,Licenciatura,EDUCACAO,False,0,0.37561073,0.4439408688709481,0.5464360771773702,0.5,0.8095238095238095,Alta,4,3,0.5721722323365794,0.42657128144506773,0.5721722323365794,Alta,Implantar curso
Paragominas,Relações Internacionais,Bacharelado,GESTAO_NEGOCIOS,False,0,0.37561073,0.4305606777914045,0.5129855994785112,0.65,0.8095238095238095,Alta,4,3,0.5897955555880015,0.41519811902745574,0.5897955555880015,Alta,Implantar curso
Paragominas,Química,Licenciatura,EDUCACAO,False,0,0.37561073,0.4439408688709481,0.5464360771773702,0.5,0.8095238095238095,Alta,4,3,0.5721722323365794,0.42657128144506773,0.5721722323365794,Alta,Implantar curso
Paragominas,Engenharia de Software,Bacharelado,ENGENHARIA_TEC,False,0,0.37561073,0.4305606777914045,0.5129855994785112,0.75,0.8095238095238095,Alta,4,3,0.6097955555880015,0.41519811902745574,0.6097955555880015,Alta,Implantar curso
Paragominas,Engenharia Ambiental e Sanitária,Bacharelado,ENGENHARIA_TEC,True,40,0.37561073,0.3293716746390772,0.2600130915976929,0.75,0.8095238095238095,Alta,4,3,0.5161957276720988,0.41252079968131083,0.41252079968131083,Média,Manter e ajustar
Paragominas,Educação Física (Licenciatura),Licenciatura,EDUCACAO,False,0,0.37561073,0.4439408688709481,0.5464360771773702,0.5,0.8095238095238095,Alta,4,3,0.5721722323365794,0.42657128144506773,0.5721722323365794,Alta,Implantar curso
Paragominas,Filosofia,Licenciatura,EDUCACAO,False,0,0.37561073,0.4439408688709481,0.5464360771773702,0.5,0.8095238095238095,Alta,4,3,0.5721722323365794,0.42657128144506773,0.5721722323365794,Alta,Implantar curso
Paragominas,Pedagogia,Licenciatura,EDUCACAO,False,0,0.37561073,0.4439408688709481,0.5464360771773702,0.5,0.8095238095238095,Alta,4,3,0.5721722323365794,0.42657128144506773,0.5721722323365794,Alta,Implantar curso
Paragominas,Biomedicina,Bacharelado,SAUDE,False,0,0.37561073,0.3903553698740042,0.4124723296850105,0.5,0.8095238095238095,Alta,4,3,0.5226056457644064,0.3810236072976655,0.5226056457644064,Alta,Implantar curso
Paragominas,Design,Bacharelado,GESTAO_NEGOCIOS,True,40,0.37561073,0.4305606777914045,0.5129855994785112,0.65,0.8095238095238095,Alta,4,3,0.5897955555880015,0.4985314523607891,0.4985314523607891,Média,Manter e ajustar
Paragominas,Saúde Coletiva,Bacharelado,SAUDE,False,0,0.37561073,0.3903553698740042,0.4124723296850105,0.5,0.8095238095238095,Alta,4,3,0.5226056457644064,0.3810236072976655,0.5226056457644064,Alta,Implantar curso
Paragominas,Física,Licenciatura,EDUCACAO,False,0,0.37561073,0.4439408688709481,0.5464360771773702,0.5,0.8095238095238095,Alta,4,3,0.5721722323365794,0.42657128144506773,0.5721722323365794,Alta,Implantar curso
Paragominas,Matemática,Licenciatura,EDUCACAO,False,0,0.37561073,0.4439408688709481,0.5464360771773702,0.5,0.8095238095238095,Alta,4,3,0.5721722323365794,0.42657128144506773,0.5721722323365794,Alta,Implantar curso
Paragominas,Ciências Sociais,Licenciatura,EDUCACAO,False,0,0.37561073,0.4439408688709481,0.5464360771773702,0.5,0.8095238095238095,Alta,4,3,0.5721722323365794,0.42657128144506773,0.5721722323365794,Alta,Implantar curso
Paragominas,Letras - Língua Inglesa,Licenciatura,EDUCACAO,False,0,0.37561073,0.4439408688709481,0.5464360771773702,0.5,0.8095238095238095,Alta,4,3,0.5721722323365794,0.42657128144506773,0.5721722323365794,Alta,Implantar curso
Paragominas,Fisioterapia,Bacharelado,SAUDE,False,0,0.37561073,0.3903553698740042,0.4124723296850105,0.5,0.8095238095238095,Alta,4,3,0.5226056457644064,0.3810236072976655,0.5226056457644064,Alta,Implantar curso
Paragominas,Letras - Língua Portuguesa,Licenciatura,EDUCACAO,False,0,0.37561073,0.4439408688709481,0.5464360771773702,0.5,0.8095238095238095,Alta,4,3,0.5721722323365794,0.42657128144506773,0.5721722323365794,Alta,Implantar curso
Paragominas,Ciências da Religião,Licenciatura,EDUCACAO,False,0,0.37561073,0.4439408688709481,0.5464360771773702,0.5,0.8095238095238095,Alta,4,3,0.5721722323365794,0.42657128144506773,0.5721722323365794,Alta,Implantar curso
Paragominas,Terapia Ocupacional,Bacharelado,SAUDE,False,0,0.37561073,0.3903553698740042,0.4124723296850105,0.5,0.8095238095238095,Alta,4,3,0.5226056457644064,0.3810236072976655,0.5226056457644064,Alta,Implantar curso
Paragominas,Enfermagem,Bacharelado,SAUDE,False,0,0.37561073,0.3903553698740042,0.4124723296850105,0.5,0.8095238095238095,Alta,4,3,0.5226056457644064,0.3810236072976655,0.5226056457644064,Alta,Implantar curso
Paragominas,Fonoaudiologia,Bacharelado,SAUDE,False,0,0.37561073,0.3903553698740042,0.4124723296850105,0.5,0.8095238095238095,Alta,4,3,0.5226056457644064,0.3810236072976655,0.5226056457644064,Alta,Implantar curso
Paragominas,Medicina,Bacharelado,SAUDE,False,0,0.37561073,0.3903553698740042,0.4124723296850105,0.5,0.8095238095238095,Alta,4,3,0.5226056457644064,0.3810236072976655,0.5226056457644064,Alta,Implantar curso
Paragominas,História,Licenciatura,EDUCACAO,False,0,0.37561073,0.4439408688709481,0.5464360771773702,0.5,0.8095238095238095,Alta,4,3,0.5721722323365794,0.42657128144506773,0.5721722323365794,Alta,Implantar curso
Paragominas,Educação Física (Bacharelado),Bacharelado,SAUDE,False,0,0.37561073,0.3903553698740042,0.4124723296850105,0.5,0.8095238095238095,Alta,4,3,0.5226056457644064,0.3810236072976655,0.5226056457644064,Alta,Implantar curso
Paragominas,Engenharia Civil,Bacharelado,ENGENHARIA_TEC,False,0,0.37561073,0.3293716746390772,0.2600130915976929,0.75,0.8095238095238095,Alta,4,3,0.5161957276720988,0.32918746634797746,0.5161957276720988,Alta,Implantar curso
Parauapebas,Tecnologia em Comércio Exterior,Tecnólogo,GESTAO_NEGOCIOS,False,0,0.57037398,0.5474186277914044,0.5129855994785112,0.75,0.7142857142857143,Muito Alta,6,4,0.6210434167784777,0.43705078247983664,0.6210434167784777,Alta,Implantar curso
Parauapebas,Engenharia de Produção,Bacharelado,ENGENHARIA_TEC,False,0,0.57037398,0.5474186277914044,0.5129855994785112,0.7,0.7142857142857143,Muito Alta,6,4,0.6110434167784777,0.43705078247983664,0.6110434167784777,Alta,Implantar curso
Parauapebas,Secretariado Executivo Trilíngue,Bacharelado,GESTAO_NEGOCIOS,False,0,0.57037398,0.5474186277914044,0.5129855994785112,0.75,0.7142857142857143,Muito Alta,6,4,0.6210434167784777,0.43705078247983664,0.6210434167784777,Alta,Implantar curso
Parauapebas,Relações Internacionais,Bacharelado,GESTAO_NEGOCIOS,False,0,0.57037398,0.5474186277914044,0.5129855994785112,0.75,0.7142857142857143,Muito Alta,6,4,0.6210434167784777,0.43705078247983664,0.6210434167784777,Alta,Implantar curso
Parauapebas,Engenharia de Software,Bacharelado,ENGENHARIA_TEC,True,30,0.57037398,0.5474186277914044,0.5129855994785112,0.7,0.7142857142857143,Muito Alta,6,4,0.6110434167784777,0.49955078247983664,0.49955078247983664,Média,Manter e ajustar
Parauapebas,Engenharia Ambiental e Sanitária,Bacharelado,ENGENHARIA_TEC,False,0,0.57037398,0.4461346484332473,0.25977565108311834,0.7,0.7142857142857143,Muito Alta,6,4,0.5173557358721823,0.3509594000254031,0.5173557358721823,Alta,Implantar curso
Parauapebas,Design,Bacharelado,GESTAO_NEGOCIOS,False,0,0.57037398,0.5474186277914044,0.5129855994785112,0.75,0.7142857142857143,Muito Alta,6,4,0.6210434167784777,0.43705078247983664,0.6210434167784777,Alta,Implantar curso
Parauapebas,Fisioterapia,Bacharelado,SAUDE,True,30,0.57037398,0.5059335562315035,0.409272920578759,0.6,0.7142857142857143,Muito Alta,6,4,0.5526697255855694,0.46428847165392095,0.46428847165392095,Média,Manter e ajustar
Parauapebas,Química,Licenciatura,EDUCACAO,False,0,0.57037398,0.4699116746050441,0.31921821651261045,0.55,0.7142857142857143,Muito Alta,6,4,0.5093494850810945,0.3711698722714304,0.5093494850810945,Alta,Implantar curso
Parauapebas,Biomedicina,Bacharelado,SAUDE,False,0,0.57037398,0.5059335562315035,0.409272920578759,0.6,0.7142857142857143,Muito Alta,6,4,0.5526697255855694,0.40178847165392095,0.5526697255855694,Alta,Implantar curso
Parauapebas,Engenharia Florestal,Bacharelado,ENGENHARIA_TEC,False,0,0.57037398,0.5474186277914044,0.5129855994785112,0.7,0.7142857142857143,Muito Alta,6,4,0.6110434167784777,0.43705078247983664,0.6110434167784777,Alta,Implantar curso
Parauapebas,Saúde Coletiva,Bacharelado,SAUDE,False,0,0.57037398,0.5059335562315035,0.409272920578759,0.6,0.7142857142857143,Muito Alta,6,4,0.5526697255855694,0.40178847165392095,0.5526697255855694,Alta,Implantar curso
Parauapebas,Terapia Ocupacional,Bacharelado,SAUDE,False,0,0.57037398,0.5059335562315035,0.409272920578759,0.6,0.7142857142857143,Muito Alta,6,4,0.5526697255855694,0.40178847165392095,0.5526697255855694,Alta,Implantar curso
Parauapebas,Engenharia Civil,Bacharelado,ENGENHARIA_TEC,False,0,0.57037398,0.4461346484332473,0.25977565108311834,0.7,0.7142857142857143,Muito Alta,6,4,0.5173557358721823,0.3509594000254031,0.5173557358721823,Alta,Implantar curso
Parauapebas,Medicina,Bacharelado,SAUDE,False,0,0.57037398,0.5059335562315035,0.409272920578759,0.6,0.7142857142857143,Muito Alta,6,4,0.5526697255855694,0.40178847165392095,0.5526697255855694,Alta,Implantar curso
Parauapebas,Educação Física (Bacharelado),Bacharelado,SAUDE,False,0,0.57037398,0.5059335562315035,0.409272920578759,0.6,0.7142857142857143,Muito Alta,6,4,0.5526697255855694,0.40178847165392095,0.5526697255855694,Alta,Implantar curso
Parauapebas,Fonoaudiologia,Bacharelado,SAUDE,False,0,0.57037398,0.5059335562315035,0.409272920578759,0.6,0.7142857142857143,Muito Alta,6,4,0.5526697255855694,0.40178847165392095,0.5526697255855694,Alta,Implantar curso
Parauapebas,Tecnologia de Alimentos,Tecnólogo,ENGENHARIA_TEC,False,0,0.57037398,0.5474186277914044,0.5129855994785112,0.7,0.7142857142857143,Muito Alta,6,4,0.6110434167784777,0.43705078247983664,0.6110434167784777,Alta,Implantar curso
Parauapebas,Geografia,Licenciatura,EDUCACAO,False,0,0.57037398,0.4699116746050441,0.31921821651261045,0.55,0.7142857142857143,Muito Alta,6,4,0.5093494850810945,0.3711698722714304,0.5093494850810945,Alta,Implantar curso
Parauapebas,Ciências Biológicas,Licenciatura,EDUCACAO,False,0,0.57037398,0.4699116746050441,0.31921821651261045,0.55,0.7142857142857143,Muito Alta,6,4,0.5093494850810945,0.3711698722714304,0.5093494850810945,Alta,Implantar curso
Parauapebas,Ciências Naturais,Licenciatura,EDUCACAO,False,0,0.57037398,0.4699116746050441,0.31921821651261045,0.55,0.7142857142857143,Muito Alta,6,4,0.5093494850810945,0.3711698722714304,0.5093494850810945,Alta,Implantar curso
Parauapebas,Enfermagem,Bacharelado,SAUDE,False,0,0.57037398,0.5059335562315035,0.409272920578759,0.6,0.7142857142857143,Muito Alta,6,4,0.5526697255855694,0.40178847165392095,0.5526697255855694,Alta,Implantar curso
Parauapebas,Educação Física (Licenciatura),Licenciatura,EDUCACAO,False,0,0.57037398,0.4699116746050441,0.31921821651261045,0.55,0.7142857142857143,Muito Alta,6,4,0.5093494850810945,0.3711698722714304,0.5093494850810945,Alta,Implantar curso
Parauapebas,Pedagogia,Licenciatura,EDUCACAO,False,0,0.57037398,0.4699116746050441,0.31921821651261045,0.55,0.7142857142857143,Muito Alta,6,4,0.5093494850810945,0.3711698722714304,0.5093494850810945,Alta,Implantar curso
Parauapebas,Filosofia,Licenciatura,EDUCACAO,False,0,0.57037398,0.4699116746050441,0.31921821651261045,0.55,0.7142857142857143,Muito Alta,6,4,0.5093494850810945,0.3711698722714304,0.5093494850810945,Alta,Implantar curso
Parauapebas,Matemática,Licenciatura,EDUCACAO,False,0,0.57037398,0.4699116746050441,0.31921821651261045,0.55,0.7142857142857143,Muito Alta,6,4,0.5093494850810945,0.3711698722714304,0.5093494850810945,Alta,Implantar curso
Parauapebas,Física,Licenciatura,EDUCACAO,False,0,0.57037398,0.4699116746050441,0.31921821651261045,0.55,0.7142857142857143,Muito Alta,6,4,0.5093494850810945,0.3711698722714304,0.5093494850810945,Alta,Implantar curso
Parauapebas,Ciências Sociais,Licenciatura,EDUCACAO,False,0,0.57037398,0.4699116746050441,0.31921821651261045,0.55,0.7142857142857143,Muito Alta,6,4,0.5093494850810945,0.3711698722714304,0.5093494850810945,Alta,Implantar curso
Parauapebas,Letras - Língua Inglesa,Licenciatura,EDUCACAO,False,0,0.57037398,0.4699116746050441,0.31921821651261045,0.55,0.7142857142857143,Muito Alta,6,4,0.5093494850810945,0.3711698722714304,0.5093494850810945,Alta,Implantar curso
Parauapebas,Letras - Língua Portuguesa,Licenciatura,EDUCACAO,False,0,0.57037398,0.4699116746050441,0.31921821651261045,0.55,0.7142857142857143,Muito Alta,6,4,0.5093494850810945,0.3711698722714304,0.5093494850810945,Alta,Implantar curso
Parauapebas,Ciências da Religião,Licenciatura,EDUCACAO,False,0,0.57037398,0.4699116746050441,0.31921821651261045,0.55,0.7142857142857143,Muito Alta,6,4,0.5093494850810945,0.3711698722714304,0.5093494850810945,Alta,Implantar curso
Parauapebas,História,Licenciatura,EDUCACAO,False,0,0.57037398,0.4699116746050441,0.31921821651261045,0.55,0.7142857142857143,Muito Alta,6,4,0.5093494850810945,0.3711698722714304,0.5093494850810945,Alta,Implantar curso
Redenção,Fisioterapia,Bacharelado,SAUDE,False,0,0.3307268,0.5164138973330714,0.7949445433326786,0.7,0.8571428571428572,Alta,3,3,0.7079460193188054,0.5111623441616822,0.7079460193188054,Alta,Implantar curso
Redenção,Terapia Ocupacional,Bacharelado,SAUDE,False,0,0.3307268,0.5164138973330714,0.7949445433326786,0.7,0.8571428571428572,Alta,3,3,0.7079460193188054,0.5111623441616822,0.7079460193188054,Alta,Implantar curso
Redenção,Fonoaudiologia,Bacharelado,SAUDE,False,0,0.3307268,0.5164138973330714,0.7949445433326786,0.7,0.8571428571428572,Alta,3,3,0.7079460193188054,0.5111623441616822,0.7079460193188054,Alta,Implantar curso
Redenção,Biomedicina,Bacharelado,SAUDE,False,0,0.3307268,0.5164138973330714,0.7949445433326786,0.7,0.8571428571428572,Alta,3,3,0.7079460193188054,0.5111623441616822,0.7079460193188054,Alta,Implantar curso
Redenção,Educação Física (Bacharelado),Bacharelado,SAUDE,False,0,0.3307268,0.5164138973330714,0.7949445433326786,0.7,0.8571428571428572,Alta,3,3,0.7079460193188054,0.5111623441616822,0.7079460193188054,Alta,Implantar curso
Redenção,Saúde Coletiva,Bacharelado,SAUDE,False,0,0.3307268,0.5164138973330714,0.7949445433326786,0.7,0.8571428571428572,Alta,3,3,0.7079460193188054,0.5111623441616822,0.7079460193188054,Alta,Implantar curso
Redenção,Educação Física (Licenciatura),Licenciatura,EDUCACAO,False,0,0.3307268,0.48888816117898615,0.7261302029474654,0.55,0.8571428571428572,Alta,3,3,0.6524847133762764,0.48776546843070967,0.6524847133762764,Alta,Implantar curso
Redenção,Enfermagem,Bacharelado,SAUDE,False,0,0.3307268,0.5164138973330714,0.7949445433326786,0.7,0.8571428571428572,Alta,3,3,0.7079460193188054,0.5111623441616822,0.7079460193188054,Alta,Implantar curso
Redenção,Medicina,Bacharelado,SAUDE,False,0,0.3307268,0.5164138973330714,0.7949445433326786,0.7,0.8571428571428572,Alta,3,3,0.7079460193188054,0.5111623441616822,0.7079460193188054,Alta,Implantar curso
Redenção,Ciências Biológicas,Licenciatura,EDUCACAO,False,0,0.3307268,0.48888816117898615,0.7261302029474654,0.55,0.8571428571428572,Alta,3,3,0.6524847133762764,0.48776546843070967,0.6524847133762764,Alta,Implantar curso
Redenção,Ciências Naturais,Licenciatura,EDUCACAO,False,0,0.3307268,0.48888816117898615,0.7261302029474654,0.55,0.8571428571428572,Alta,3,3,0.6524847133762764,0.48776546843070967,0.6524847133762764,Alta,Implantar curso
Redenção,Filosofia,Licenciatura,EDUCACAO,False,0,0.3307268,0.48888816117898615,0.7261302029474654,0.55,0.8571428571428572,Alta,3,3,0.6524847133762764,0.48776546843070967,0.6524847133762764,Alta,Implantar curso
Redenção,Geografia,Licenciatura,EDUCACAO,False,0,0.3307268,0.48888816117898615,0.7261302029474654,0.55,0.8571428571428572,Alta,3,3,0.6524847133762764,0.48776546843070967,0.6524847133762764,Alta,Implantar curso
Redenção,Letras - Língua Portuguesa,Licenciatura,EDUCACAO,False,0,0.3307268,0.48888816117898615,0.7261302029474654,0.55,0.8571428571428572,Alta,3,3,0.6524847133762764,0.48776546843070967,0.6524847133762764,Alta,Implantar curso
Redenção,Ciências Sociais,Licenciatura,EDUCACAO,False,0,0.3307268,0.48888816117898615,0.7261302029474654,0.55,0.8571428571428572,Alta,3,3,0.6524847133762764,0.48776546843070967,0.6524847133762764,Alta,Implantar curso
Redenção,Ciências da Religião,Licenciatura,EDUCACAO,False,0,0.3307268,0.48888816117898615,0.7261302029474654,0.55,0.8571428571428572,Alta,3,3,0.6524847133762764,0.48776546843070967,0.6524847133762764,Alta,Implantar curso
Redenção,Engenharia Florestal,Bacharelado,ENGENHARIA_TEC,False,0,0.3307268,0.4036303197914045,0.5129855994785112,0.4,0.8571428571428572,Alta,3,3,0.5436212100927634,0.41529630325126526,0.5436212100927634,Alta,Implantar curso
Redenção,Matemática,Licenciatura,EDUCACAO,False,0,0.3307268,0.48888816117898615,0.7261302029474654,0.55,0.8571428571428572,Alta,3,3,0.6524847133762764,0.48776546843070967,0.6524847133762764,Alta,Implantar curso
Redenção,Letras - Língua Inglesa,Licenciatura,EDUCACAO,False,0,0.3307268,0.48888816117898615,0.7261302029474654,0.55,0.8571428571428572,Alta,3,3,0.6524847133762764,0.48776546843070967,0.6524847133762764,Alta,Implantar curso
Redenção,Química,Licenciatura,EDUCACAO,False,0,0.3307268,0.48888816117898615,0.7261302029474654,0.55,0.8571428571428572,Alta,3,3,0.6524847133762764,0.48776546843070967,0.6524847133762764,Alta,Implantar curso
Redenção,Pedagogia,Licenciatura,EDUCACAO,False,0,0.3307268,0.48888816117898615,0.7261302029474654,0.55,0.8571428571428572,Alta,3,3,0.6524847133762764,0.48776546843070967,0.6524847133762764,Alta,Implantar curso
Redenção,Secretariado Executivo Trilíngue,Bacharelado,GESTAO_NEGOCIOS,False,0,0.3307268,0.4036303197914045,0.5129855994785112,0.7,0.8571428571428572,Alta,3,3,0.6036212100927634,0.41529630325126526,0.6036212100927634,Alta,Implantar curso
Redenção,História,Licenciatura,EDUCACAO,False,0,0.3307268,0.48888816117898615,0.7261302029474654,0.55,0.8571428571428572,Alta,3,3,0.6524847133762764,0.48776546843070967,0.6524847133762764,Alta,Implantar curso
Redenção,Física,Licenciatura,EDUCACAO,False,0,0.3307268,0.48888816117898615,0.7261302029474654,0.55,0.8571428571428572,Alta,3,3,0.6524847133762764,0.48776546843070967,0.6524847133762764,Alta,Implantar curso
Redenção,Tecnologia em Comércio Exterior,Tecnólogo,GESTAO_NEGOCIOS,False,0,0.3307268,0.4036303197914045,0.5129855994785112,0.7,0.8571428571428572,Alta,3,3,0.6036212100927634,0.41529630325126526,0.6036212100927634,Alta,Implantar curso
Redenção,Tecnologia de Alimentos,Tecnólogo,ENGENHARIA_TEC,False,0,0.3307268,0.4036303197914045,0.5129855994785112,0.4,0.8571428571428572,Alta,3,3,0.5436212100927634,0.41529630325126526,0.5436212100927634,Alta,Implantar curso
Redenção,Relações Internacionais,Bacharelado,GESTAO_NEGOCIOS,False,0,0.3307268,0.4036303197914045,0.5129855994785112,0.7,0.8571428571428572,Alta,3,3,0.6036212100927634,0.41529630325126526,0.6036212100927634,Alta,Implantar curso
Redenção,Engenharia Ambiental e Sanitária,Bacharelado,ENGENHARIA_TEC,False,0,0.3307268,0.40167077225578374,0.5080867306394593,0.4,0.8571428571428572,Alta,3,3,0.5418086286223143,0.4136306878459876,0.5418086286223143,Alta,Implantar curso
Redenção,Engenharia Civil,Bacharelado,ENGENHARIA_TEC,False,0,0.3307268,0.40167077225578374,0.5080867306394593,0.4,0.8571428571428572,Alta,3,3,0.5418086286223143,0.4136306878459876,0.5418086286223143,Alta,Implantar curso
Redenção,Engenharia de Software,Bacharelado,ENGENHARIA_TEC,True,30,0.3307268,0.4036303197914045,0.5129855994785112,0.4,0.8571428571428572,Alta,3,3,0.5436212100927634,0.4777963032512653,0.4777963032512653,Média,Manter e ajustar
Redenção,Engenharia de Produção,Bacharelado,ENGENHARIA_TEC,True,40,0.3307268,0.4036303197914045,0.5129855994785112,0.4,0.8571428571428572,Alta,3,3,0.5436212100927634,0.4986296365845986,0.4986296365845986,Média,Manter e ajustar
Redenção,Design,Bacharelado,GESTAO_NEGOCIOS,False,0,0.3307268,0.4036303197914045,0.5129855994785112,0.7,0.8571428571428572,Alta,3,3,0.6036212100927634,0.41529630325126526,0.6036212100927634,Alta,Implantar curso
Salvaterra,Ciências Naturais,Licenciatura,EDUCACAO,False,0,0.4479191,0.6094859751475055,0.8518362878687638,0.6,0.9523809523809523,Média,1,0,0.7539001026066807,0.5741635393515702,0.7539001026066807,Muito Alta,IMPLANTAR CURSO URGENTE
Salvaterra,História,Licenciatura,EDUCACAO,False,0,0.4479191,0.6094859751475055,0.8518362878687638,0.6,0.9523809523809523,Média,1,0,0.7539001026066807,0.5741635393515702,0.7539001026066807,Muito Alta,IMPLANTAR CURSO URGENTE
Salvaterra,Ciências Biológicas,Licenciatura,EDUCACAO,False,0,0.4479191,0.6094859751475055,0.8518362878687638,0.6,0.9523809523809523,Média,1,0,0.7539001026066807,0.5741635393515702,0.7539001026066807,Muito Alta,IMPLANTAR CURSO URGENTE
Salvaterra,Ciências da Religião,Licenciatura,EDUCACAO,False,0,0.4479191,0.6094859751475055,0.8518362878687638,0.6,0.9523809523809523,Média,1,0,0.7539001026066807,0.5741635393515702,0.7539001026066807,Muito Alta,IMPLANTAR CURSO URGENTE
Salvaterra,Letras - Língua Portuguesa,Licenciatura,EDUCACAO,False,0,0.4479191,0.6094859751475055,0.8518362878687638,0.6,0.9523809523809523,Média,1,0,0.7539001026066807,0.5741635393515702,0.7539001026066807,Muito Alta,IMPLANTAR CURSO URGENTE
Salvaterra,Geografia,Licenciatura,EDUCACAO,False,0,0.4479191,0.6094859751475055,0.8518362878687638,0.6,0.9523809523809523,Média,1,0,0.7539001026066807,0.5741635393515702,0.7539001026066807,Muito Alta,IMPLANTAR CURSO URGENTE
Salvaterra,Filosofia,Licenciatura,EDUCACAO,False,0,0.4479191,0.6094859751475055,0.8518362878687638,0.6,0.9523809523809523,Média,1,0,0.7539001026066807,0.5741635393515702,0.7539001026066807,Muito Alta,IMPLANTAR CURSO URGENTE
Salvaterra,Letras - Língua Inglesa,Licenciatura,EDUCACAO,False,0,0.4479191,0.6094859751475055,0.8518362878687638,0.6,0.9523809523809523,Média,1,0,0.7539001026066807,0.5741635393515702,0.7539001026066807,Muito Alta,IMPLANTAR CURSO URGENTE
Salvaterra,Ciências Sociais,Licenciatura,EDUCACAO,False,0,0.4479191,0.6094859751475055,0.8518362878687638,0.6,0.9523809523809523,Média,1,0,0.7539001026066807,0.5741635393515702,0.7539001026066807,Muito Alta,IMPLANTAR CURSO URGENTE
Salvaterra,Pedagogia,Licenciatura,EDUCACAO,False,0,0.4479191,0.6094859751475055,0.8518362878687638,0.6,0.9523809523809523,Média,1,0,0.7539001026066807,0.5741635393515702,0.7539001026066807,Muito Alta,IMPLANTAR CURSO URGENTE
Salvaterra,Educação Física (Licenciatura),Licenciatura,EDUCACAO,False,0,0.4479191,0.6094859751475055,0.8518362878687638,0.6,0.9523809523809523,Média,1,0,0.7539001026066807,0.5741635393515702,0.7539001026066807,Muito Alta,IMPLANTAR CURSO URGENTE
Salvaterra,Engenharia Florestal,Bacharelado,ENGENHARIA_TEC,False,0,0.4479191,0.4739456997914045,0.5129855994785112,0.4,0.9523809523809523,Média,1,0,0.5885253479022873,0.45895430529888426,0.5885253479022873,Alta,Implantar curso
Salvaterra,Matemática,Licenciatura,EDUCACAO,False,0,0.4479191,0.6094859751475055,0.8518362878687638,0.6,0.9523809523809523,Média,1,0,0.7539001026066807,0.5741635393515702,0.7539001026066807,Muito Alta,IMPLANTAR CURSO URGENTE
Salvaterra,Química,Licenciatura,EDUCACAO,True,40,0.4479191,0.6094859751475055,0.8518362878687638,0.6,0.9523809523809523,Média,1,0,0.7539001026066807,0.6574968726849035,0.6574968726849035,Alta,Expandir vagas
Salvaterra,Física,Licenciatura,EDUCACAO,False,0,0.4479191,0.6094859751475055,0.8518362878687638,0.6,0.9523809523809523,Média,1,0,0.7539001026066807,0.5741635393515702,0.7539001026066807,Muito Alta,IMPLANTAR CURSO URGENTE
Salvaterra,Tecnologia de Alimentos,Tecnólogo,ENGENHARIA_TEC,True,40,0.4479191,0.4739456997914045,0.5129855994785112,0.4,0.9523809523809523,Média,1,0,0.5885253479022873,0.5422876386322176,0.5422876386322176,Alta,Expandir vagas
Salvaterra,Engenharia Ambiental e Sanitária,Bacharelado,ENGENHARIA_TEC,False,0,0.4479191,0.5516465245994044,0.7072376614985112,0.4,0.9523809523809523,Média,1,0,0.6603986108496872,0.5250000063856842,0.6603986108496872,Alta,Implantar curso
Salvaterra,Design,Bacharelado,GESTAO_NEGOCIOS,False,0,0.4479191,0.4739456997914045,0.5129855994785112,0.35,0.9523809523809523,Média,1,0,0.5785253479022873,0.45895430529888426,0.5785253479022873,Alta,Implantar curso
Salvaterra,Educação Física (Bacharelado),Bacharelado,SAUDE,False,0,0.4479191,0.41764947818581144,0.3722450454645287,0.4,0.9523809523809523,Média,1,0,0.5364513429171137,0.4111025169341302,0.5364513429171137,Alta,Implantar curso
Salvaterra,Saúde Coletiva,Bacharelado,SAUDE,False,0,0.4479191,0.41764947818581144,0.3722450454645287,0.4,0.9523809523809523,Média,1,0,0.5364513429171137,0.4111025169341302,0.5364513429171137,Alta,Implantar curso
Salvaterra,Fonoaudiologia,Bacharelado,SAUDE,False,0,0.4479191,0.41764947818581144,0.3722450454645287,0.4,0.9523809523809523,Média,1,0,0.5364513429171137,0.4111025169341302,0.5364513429171137,Alta,Implantar curso
Salvaterra,Enfermagem,Bacharelado,SAUDE,False,0,0.4479191,0.41764947818581144,0.3722450454645287,0.4,0.9523809523809523,Média,1,0,0.5364513429171137,0.4111025169341302,0.5364513429171137,Alta,Implantar curso
Salvaterra,Medicina,Bacharelado,SAUDE,False,0,0.4479191,0.41764947818581144,0.3722450454645287,0.4,0.9523809523809523,Média,1,0,0.5364513429171137,0.4111025169341302,0.5364513429171137,Alta,Implantar curso
Salvaterra,Terapia Ocupacional,Bacharelado,SAUDE,False,0,0.4479191,0.41764947818581144,0.3722450454645287,0.4,0.9523809523809523,Média,1,0,0.5364513429171137,0.4111025169341302,0.5364513429171137,Alta,Implantar curso
Salvaterra,Biomedicina,Bacharelado,SAUDE,False,0,0.4479191,0.41764947818581144,0.3722450454645287,0.4,0.9523809523809523,Média,1,0,0.5364513429171137,0.4111025169341302,0.5364513429171137,Alta,Implantar curso
Salvaterra,Fisioterapia,Bacharelado,SAUDE,False,0,0.4479191,0.41764947818581144,0.3722450454645287,0.4,0.9523809523809523,Média,1,0,0.5364513429171137,0.4111025169341302,0.5364513429171137,Alta,Implantar curso
Salvaterra,Engenharia Civil,Bacharelado,ENGENHARIA_TEC,False,0,0.4479191,0.5516465245994044,0.7072376614985112,0.4,0.9523809523809523,Média,1,0,0.6603986108496872,0.5250000063856842,0.6603986108496872,Alta,Implantar curso
Salvaterra,Secretariado Executivo Trilíngue,Bacharelado,GESTAO_NEGOCIOS,False,0,0.4479191,0.4739456997914045,0.5129855994785112,0.35,0.9523809523809523,Média,1,0,0.5785253479022873,0.45895430529888426,0.5785253479022873,Alta,Implantar curso
Salvaterra,Relações Internacionais,Bacharelado,GESTAO_NEGOCIOS,False,0,0.4479191,0.4739456997914045,0.5129855994785112,0.35,0.9523809523809523,Média,1,0,0.5785253479022873,0.45895430529888426,0.5785253479022873,Alta,Implantar curso
Salvaterra,Engenharia de Produção,Bacharelado,ENGENHARIA_TEC,False,0,0.4479191,0.4739456997914045,0.5129855994785112,0.4,0.9523809523809523,Média,1,0,0.5885253479022873,0.45895430529888426,0.5885253479022873,Alta,Implantar curso
Salvaterra,Tecnologia em Comércio Exterior,Tecnólogo,GESTAO_NEGOCIOS,False,0,0.4479191,0.4739456997914045,0.5129855994785112,0.35,0.9523809523809523,Média,1,0,0.5785253479022873,0.45895430529888426,0.5785253479022873,Alta,Implantar curso
Salvaterra,Engenharia de Software,Bacharelado,ENGENHARIA_TEC,False,0,0.4479191,0.4739456997914045,0.5129855994785112,0.4,0.9523809523809523,Média,1,0,0.5885253479022873,0.45895430529888426,0.5885253479022873,Alta,Implantar curso
Santarém,Tecnologia em Comércio Exterior,Tecnólogo,GESTAO_NEGOCIOS,False,0,0.74112024,0.6498663837914045,0.5129855994785112,0.85,0.6190476190476191,Muito Alta,8,12,0.6479682197689539,0.4538598780322176,0.6479682197689539,Alta,Implantar curso
Santarém,Secretariado Executivo Trilíngue,Bacharelado,GESTAO_NEGOCIOS,False,0,0.74112024,0.6498663837914045,0.5129855994785112,0.85,0.6190476190476191,Muito Alta,8,12,0.6479682197689539,0.4538598780322176,0.6479682197689539,Alta,Implantar curso
Santarém,Relações Internacionais,Bacharelado,GESTAO_NEGOCIOS,False,0,0.74112024,0.6498663837914045,0.5129855994785112,0.85,0.6190476190476191,Muito Alta,8,12,0.6479682197689539,0.4538598780322176,0.6479682197689539,Alta,Implantar curso
Santarém,Letras - Língua Inglesa,Licenciatura,EDUCACAO,False,0,0.74112024,0.5682409523948821,0.30892202098720534,0.8,0.6190476190476191,Muito Alta,8,12,0.5624646957271708,0.3844782613451736,0.5624646957271708,Alta,Implantar curso
Santarém,Ciências da Religião,Licenciatura,EDUCACAO,False,0,0.74112024,0.5682409523948821,0.30892202098720534,0.8,0.6190476190476191,Muito Alta,8,12,0.5624646957271708,0.3844782613451736,0.5624646957271708,Alta,Implantar curso
Santarém,Engenharia Florestal,Bacharelado,ENGENHARIA_TEC,False,0,0.74112024,0.6498663837914045,0.5129855994785112,0.45,0.6190476190476191,Muito Alta,8,12,0.567968219768954,0.4538598780322176,0.567968219768954,Alta,Implantar curso
Santarém,Ciências Naturais,Licenciatura,EDUCACAO,False,0,0.74112024,0.5682409523948821,0.30892202098720534,0.8,0.6190476190476191,Muito Alta,8,12,0.5624646957271708,0.3844782613451736,0.5624646957271708,Alta,Implantar curso
Santarém,Design,Bacharelado,GESTAO_NEGOCIOS,False,0,0.74112024,0.6498663837914045,0.5129855994785112,0.85,0.6190476190476191,Muito Alta,8,12,0.6479682197689539,0.4538598780322176,0.6479682197689539,Alta,Implantar curso
Santarém,Educação Física (Licenciatura),Licenciatura,EDUCACAO,False,0,0.74112024,0.5682409523948821,0.30892202098720534,0.8,0.6190476190476191,Muito Alta,8,12,0.5624646957271708,0.3844782613451736,0.5624646957271708,Alta,Implantar curso
Santarém,Filosofia,Licenciatura,EDUCACAO,False,0,0.74112024,0.5682409523948821,0.30892202098720534,0.8,0.6190476190476191,Muito Alta,8,12,0.5624646957271708,0.3844782613451736,0.5624646957271708,Alta,Implantar curso
Santarém,Ciências Sociais,Licenciatura,EDUCACAO,False,0,0.74112024,0.5682409523948821,0.30892202098720534,0.8,0.6190476190476191,Muito Alta,8,12,0.5624646957271708,0.3844782613451736,0.5624646957271708,Alta,Implantar curso
Santarém,História,Licenciatura,EDUCACAO,False,0,0.74112024,0.5682409523948821,0.30892202098720534,0.8,0.6190476190476191,Muito Alta,8,12,0.5624646957271708,0.3844782613451736,0.5624646957271708,Alta,Implantar curso
Santarém,Educação Física (Bacharelado),Bacharelado,SAUDE,True,40,0.74112024,0.5259814408390453,0.20327324209761333,0.8,0.6190476190476191,Muito Alta,8,12,0.5233746475380217,0.4318910098560456,0.4318910098560456,Média,Manter e ajustar
Santarém,Letras - Língua Portuguesa,Licenciatura,EDUCACAO,False,0,0.74112024,0.5682409523948821,0.30892202098720534,0.8,0.6190476190476191,Muito Alta,8,12,0.5624646957271708,0.3844782613451736,0.5624646957271708,Alta,Implantar curso
Santarém,Ciências Biológicas,Licenciatura,EDUCACAO,False,0,0.74112024,0.5682409523948821,0.30892202098720534,0.8,0.6190476190476191,Muito Alta,8,12,0.5624646957271708,0.3844782613451736,0.5624646957271708,Alta,Implantar curso
Santarém,Fisioterapia,Bacharelado,SAUDE,True,30,0.74112024,0.5259814408390453,0.20327324209761333,0.8,0.6190476190476191,Muito Alta,8,12,0.5233746475380217,0.4110576765227123,0.4110576765227123,Média,Manter e ajustar
Santarém,Pedagogia,Licenciatura,EDUCACAO,False,0,0.74112024,0.5682409523948821,0.30892202098720534,0.8,0.6190476190476191,Muito Alta,8,12,0.5624646957271708,0.3844782613451736,0.5624646957271708,Alta,Implantar curso
Santarém,Terapia Ocupacional,Bacharelado,SAUDE,False,0,0.74112024,0.5259814408390453,0.20327324209761333,0.8,0.6190476190476191,Muito Alta,8,12,0.5233746475380217,0.3485576765227123,0.5233746475380217,Alta,Implantar curso
Santarém,Geografia,Licenciatura,EDUCACAO,False,0,0.74112024,0.5682409523948821,0.30892202098720534,0.8,0.6190476190476191,Muito Alta,8,12,0.5624646957271708,0.3844782613451736,0.5624646957271708,Alta,Implantar curso
Santarém,Tecnologia de Alimentos,Tecnólogo,ENGENHARIA_TEC,False,0,0.74112024,0.6498663837914045,0.5129855994785112,0.45,0.6190476190476191,Muito Alta,8,12,0.567968219768954,0.4538598780322176,0.567968219768954,Alta,Implantar curso
Santarém,Fonoaudiologia,Bacharelado,SAUDE,False,0,0.74112024,0.5259814408390453,0.20327324209761333,0.8,0.6190476190476191,Muito Alta,8,12,0.5233746475380217,0.3485576765227123,0.5233746475380217,Alta,Implantar curso
Santarém,Enfermagem,Bacharelado,SAUDE,True,40,0.74112024,0.5259814408390453,0.20327324209761333,0.8,0.6190476190476191,Muito Alta,8,12,0.5233746475380217,0.4318910098560456,0.4318910098560456,Média,Manter e ajustar
Santarém,Medicina,Bacharelado,SAUDE,True,40,0.74112024,0.5259814408390453,0.20327324209761333,0.8,0.6190476190476191,Muito Alta,8,12,0.5233746475380217,0.4318910098560456,0.4318910098560456,Média,Manter e ajustar
Santarém,Saúde Coletiva,Bacharelado,SAUDE,False,0,0.74112024,0.5259814408390453,0.20327324209761333,0.8,0.6190476190476191,Muito Alta,8,12,0.5233746475380217,0.3485576765227123,0.5233746475380217,Alta,Implantar curso
Santarém,Matemática,Licenciatura,EDUCACAO,False,0,0.74112024,0.5682409523948821,0.30892202098720534,0.8,0.6190476190476191,Muito Alta,8,12,0.5624646957271708,0.3844782613451736,0.5624646957271708,Alta,Implantar curso
Santarém,Engenharia de Software,Bacharelado,ENGENHARIA_TEC,False,0,0.74112024,0.6498663837914045,0.5129855994785112,0.45,0.6190476190476191,Muito Alta,8,12,0.567968219768954,0.4538598780322176,0.567968219768954,Alta,Implantar curso
Santarém,Engenharia Ambiental e Sanitária,Bacharelado,ENGENHARIA_TEC,False,0,0.74112024,0.600880654301823,0.3905212757545575,0.45,0.6190476190476191,Muito Alta,8,12,0.522656419991091,0.4122220079660734,0.522656419991091,Alta,Implantar curso
Santarém,Biomedicina,Bacharelado,SAUDE,False,0,0.74112024,0.5259814408390453,0.20327324209761333,0.8,0.6190476190476191,Muito Alta,8,12,0.5233746475380217,0.3485576765227123,0.5233746475380217,Alta,Implantar curso
Santarém,Engenharia de Produção,Bacharelado,ENGENHARIA_TEC,False,0,0.74112024,0.6498663837914045,0.5129855994785112,0.45,0.6190476190476191,Muito Alta,8,12,0.567968219768954,0.4538598780322176,0.567968219768954,Alta,Implantar curso
Santarém,Engenharia Civil,Bacharelado,ENGENHARIA_TEC,False,0,0.74112024,0.600880654301823,0.3905212757545575,0.45,0.6190476190476191,Muito Alta,8,12,0.522656419991091,0.4122220079660734,0.522656419991091,Alta,Implantar curso
Santarém,Física,Licenciatura,EDUCACAO,False,0,0.74112024,0.5682409523948821,0.30892202098720534,0.8,0.6190476190476191,Muito Alta,8,12,0.5624646957271708,0.3844782613451736,0.5624646957271708,Alta,Implantar curso
Santarém,Química,Licenciatura,EDUCACAO,False,0,0.74112024,0.5682409523948821,0.30892202098720534,0.8,0.6190476190476191,Muito Alta,8,12,0.5624646957271708,0.3844782613451736,0.5624646957271708,Alta,Implantar curso
São Miguel do Guamá,Química,Licenciatura,EDUCACAO,False,0,0.41703872,0.631233703441666,0.9525261786041649,0.55,0.9523809523809523,Média,1,0,0.7755968937787792,0.6019132224016065,0.7755968937787792,Muito Alta,IMPLANTAR CURSO URGENTE
São Miguel do Guamá,Ciências Naturais,Licenciatura,EDUCACAO,False,0,0.41703872,0.631233703441666,0.9525261786041649,0.55,0.9523809523809523,Média,1,0,0.7755968937787792,0.6019132224016065,0.7755968937787792,Muito Alta,IMPLANTAR CURSO URGENTE
São Miguel do Guamá,Ciências Biológicas,Licenciatura,EDUCACAO,False,0,0.41703872,0.631233703441666,0.9525261786041649,0.55,0.9523809523809523,Média,1,0,0.7755968937787792,0.6019132224016065,0.7755968937787792,Muito Alta,IMPLANTAR CURSO URGENTE
São Miguel do Guamá,Filosofia,Licenciatura,EDUCACAO,True,40,0.41703872,0.631233703441666,0.9525261786041649,0.55,0.9523809523809523,Média,1,0,0.7755968937787792,0.6852465557349399,0.6852465557349399,Alta,Expandir vagas
São Miguel do Guamá,Pedagogia,Licenciatura,EDUCACAO,True,40,0.41703872,0.631233703441666,0.9525261786041649,0.55,0.9523809523809523,Média,1,0,0.7755968937787792,0.6852465557349399,0.6852465557349399,Alta,Expandir vagas
São Miguel do Guamá,Geografia,Licenciatura,EDUCACAO,False,0,0.41703872,0.631233703441666,0.9525261786041649,0.55,0.9523809523809523,Média,1,0,0.7755968937787792,0.6019132224016065,0.7755968937787792,Muito Alta,IMPLANTAR CURSO URGENTE
São Miguel do Guamá,Educação Física (Licenciatura),Licenciatura,EDUCACAO,False,0,0.41703872,0.631233703441666,0.9525261786041649,0.55,0.9523809523809523,Média,1,0,0.7755968937787792,0.6019132224016065,0.7755968937787792,Muito Alta,IMPLANTAR CURSO URGENTE
São Miguel do Guamá,Física,Licenciatura,EDUCACAO,False,0,0.41703872,0.631233703441666,0.9525261786041649,0.55,0.9523809523809523,Média,1,0,0.7755968937787792,0.6019132224016065,0.7755968937787792,Muito Alta,IMPLANTAR CURSO URGENTE
São Miguel do Guamá,Letras - Língua Portuguesa,Licenciatura,EDUCACAO,True,40,0.41703872,0.631233703441666,0.9525261786041649,0.55,0.9523809523809523,Média,1,0,0.7755968937787792,0.6852465557349399,0.6852465557349399,Alta,Expandir vagas
São Miguel do Guamá,Ciências da Religião,Licenciatura,EDUCACAO,False,0,0.41703872,0.631233703441666,0.9525261786041649,0.55,0.9523809523809523,Média,1,0,0.7755968937787792,0.6019132224016065,0.7755968937787792,Muito Alta,IMPLANTAR CURSO URGENTE
São Miguel do Guamá,Ciências Sociais,Licenciatura,EDUCACAO,True,40,0.41703872,0.631233703441666,0.9525261786041649,0.55,0.9523809523809523,Média,1,0,0.7755968937787792,0.6852465557349399,0.6852465557349399,Alta,Expandir vagas
São Miguel do Guamá,Matemática,Licenciatura,EDUCACAO,True,40,0.41703872,0.631233703441666,0.9525261786041649,0.55,0.9523809523809523,Média,1,0,0.7755968937787792,0.6852465557349399,0.6852465557349399,Alta,Expandir vagas
São Miguel do Guamá,Letras - Língua Inglesa,Licenciatura,EDUCACAO,False,0,0.41703872,0.631233703441666,0.9525261786041649,0.55,0.9523809523809523,Média,1,0,0.7755968937787792,0.6019132224016065,0.7755968937787792,Muito Alta,IMPLANTAR CURSO URGENTE
São Miguel do Guamá,História,Licenciatura,EDUCACAO,True,40,0.41703872,0.631233703441666,0.9525261786041649,0.55,0.9523809523809523,Média,1,0,0.7755968937787792,0.6852465557349399,0.6852465557349399,Alta,Expandir vagas
São Miguel do Guamá,Engenharia Ambiental e Sanitária,Bacharelado,ENGENHARIA_TEC,False,0,0.41703872,0.5286680398229238,0.6961120195573093,0.9,0.9523809523809523,Média,1,0,0.7507236549314427,0.5147324083256757,0.7507236549314427,Muito Alta,IMPLANTAR CURSO URGENTE
São Miguel do Guamá,Tecnologia de Alimentos,Tecnólogo,ENGENHARIA_TEC,False,0,0.41703872,0.45541747179140446,0.5129855994785112,0.9,0.9523809523809523,Média,1,0,0.6829668795022872,0.45246942549888425,0.6829668795022872,Alta,Implantar curso
São Miguel do Guamá,Engenharia Florestal,Bacharelado,ENGENHARIA_TEC,False,0,0.41703872,0.45541747179140446,0.5129855994785112,0.9,0.9523809523809523,Média,1,0,0.6829668795022872,0.45246942549888425,0.6829668795022872,Alta,Implantar curso
São Miguel do Guamá,Engenharia de Produção,Bacharelado,ENGENHARIA_TEC,False,0,0.41703872,0.45541747179140446,0.5129855994785112,0.9,0.9523809523809523,Média,1,0,0.6829668795022872,0.45246942549888425,0.6829668795022872,Alta,Implantar curso
São Miguel do Guamá,Biomedicina,Bacharelado,SAUDE,False,0,0.41703872,0.49529593401201055,0.6126817550300264,0.4,0.9523809523809523,Média,1,0,0.6198544570563479,0.4863661183863994,0.6198544570563479,Alta,Implantar curso
São Miguel do Guamá,Engenharia Civil,Bacharelado,ENGENHARIA_TEC,False,0,0.41703872,0.5286680398229238,0.6961120195573093,0.9,0.9523809523809523,Média,1,0,0.7507236549314427,0.5147324083256757,0.7507236549314427,Muito Alta,IMPLANTAR CURSO URGENTE
São Miguel do Guamá,Fonoaudiologia,Bacharelado,SAUDE,False,0,0.41703872,0.49529593401201055,0.6126817550300264,0.4,0.9523809523809523,Média,1,0,0.6198544570563479,0.4863661183863994,0.6198544570563479,Alta,Implantar curso
São Miguel do Guamá,Saúde Coletiva,Bacharelado,SAUDE,False,0,0.41703872,0.49529593401201055,0.6126817550300264,0.4,0.9523809523809523,Média,1,0,0.6198544570563479,0.4863661183863994,0.6198544570563479,Alta,Implantar curso
São Miguel do Guamá,Terapia Ocupacional,Bacharelado,SAUDE,False,0,0.41703872,0.49529593401201055,0.6126817550300264,0.4,0.9523809523809523,Média,1,0,0.6198544570563479,0.4863661183863994,0.6198544570563479,Alta,Implantar curso
São Miguel do Guamá,Enfermagem,Bacharelado,SAUDE,False,0,0.41703872,0.49529593401201055,0.6126817550300264,0.4,0.9523809523809523,Média,1,0,0.6198544570563479,0.4863661183863994,0.6198544570563479,Alta,Implantar curso
São Miguel do Guamá,Medicina,Bacharelado,SAUDE,False,0,0.41703872,0.49529593401201055,0.6126817550300264,0.4,0.9523809523809523,Média,1,0,0.6198544570563479,0.4863661183863994,0.6198544570563479,Alta,Implantar curso
São Miguel do Guamá,Fisioterapia,Bacharelado,SAUDE,False,0,0.41703872,0.49529593401201055,0.6126817550300264,0.4,0.9523809523809523,Média,1,0,0.6198544570563479,0.4863661183863994,0.6198544570563479,Alta,Implantar curso
São Miguel do Guamá,Educação Física (Bacharelado),Bacharelado,SAUDE,False,0,0.41703872,0.49529593401201055,0.6126817550300264,0.4,0.9523809523809523,Média,1,0,0.6198544570563479,0.4863661183863994,0.6198544570563479,Alta,Implantar curso
São Miguel do Guamá,Secretariado Executivo Trilíngue,Bacharelado,GESTAO_NEGOCIOS,False,0,0.41703872,0.45541747179140446,0.5129855994785112,0.45,0.9523809523809523,Média,1,0,0.5929668795022872,0.45246942549888425,0.5929668795022872,Alta,Implantar curso
São Miguel do Guamá,Relações Internacionais,Bacharelado,GESTAO_NEGOCIOS,False,0,0.41703872,0.45541747179140446,0.5129855994785112,0.45,0.9523809523809523,Média,1,0,0.5929668795022872,0.45246942549888425,0.5929668795022872,Alta,Implantar curso
São Miguel do Guamá,Design,Bacharelado,GESTAO_NEGOCIOS,False,0,0.41703872,0.45541747179140446,0.5129855994785112,0.45,0.9523809523809523,Média,1,0,0.5929668795022872,0.45246942549888425,0.5929668795022872,Alta,Implantar curso
São Miguel do Guamá,Tecnologia em Comércio Exterior,Tecnólogo,GESTAO_NEGOCIOS,False,0,0.41703872,0.45541747179140446,0.5129855994785112,0.45,0.9523809523809523,Média,1,0,0.5929668795022872,0.45246942549888425,0.5929668795022872,Alta,Implantar curso
São Miguel do Guamá,Engenharia de Software,Bacharelado,ENGENHARIA_TEC,False,0,0.41703872,0.45541747179140446,0.5129855994785112,0.9,0.9523809523809523,Média,1,0,0.6829668795022872,0.45246942549888425,0.6829668795022872,Alta,Implantar curso
Tucuruí,Saúde Coletiva,Bacharelado,SAUDE,False,0,0.50552374,0.5188404077378421,0.5388154093446053,0.55,0.7619047619047619,Muito Alta,5,4,0.5908321651336944,0.4417381769581182,0.5908321651336944,Alta,Implantar curso
Tucuruí,Geografia,Licenciatura,EDUCACAO,False,0,0.50552374,0.5111559409120412,0.5196042422801029,0.55,0.7619047619047619,Muito Alta,5,4,0.5837240333198286,0.4352063801561874,0.5837240333198286,Alta,Implantar curso
Tucuruí,Fisioterapia,Bacharelado,SAUDE,True,30,0.50552374,0.5188404077378421,0.5388154093446053,0.55,0.7619047619047619,Muito Alta,5,4,0.5908321651336944,0.5042381769581181,0.5042381769581181,Alta,Expandir vagas
Tucuruí,Terapia Ocupacional,Bacharelado,SAUDE,False,0,0.50552374,0.5188404077378421,0.5388154093446053,0.55,0.7619047619047619,Muito Alta,5,4,0.5908321651336944,0.4417381769581182,0.5908321651336944,Alta,Implantar curso
Tucuruí,Ciências Naturais,Licenciatura,EDUCACAO,False,0,0.50552374,0.5111559409120412,0.5196042422801029,0.55,0.7619047619047619,Muito Alta,5,4,0.5837240333198286,0.4352063801561874,0.5837240333198286,Alta,Implantar curso
Tucuruí,Enfermagem,Bacharelado,SAUDE,True,20,0.50552374,0.5188404077378421,0.5388154093446053,0.55,0.7619047619047619,Muito Alta,5,4,0.5908321651336944,0.48340484362478486,0.48340484362478486,Média,Manter e ajustar
Tucuruí,Fonoaudiologia,Bacharelado,SAUDE,False,0,0.50552374,0.5188404077378421,0.5388154093446053,0.55,0.7619047619047619,Muito Alta,5,4,0.5908321651336944,0.4417381769581182,0.5908321651336944,Alta,Implantar curso
Tucuruí,Medicina,Bacharelado,SAUDE,False,0,0.50552374,0.5188404077378421,0.5388154093446053,0.55,0.7619047619047619,Muito Alta,5,4,0.5908321651336944,0.4417381769581182,0.5908321651336944,Alta,Implantar curso
Tucuruí,Ciências Biológicas,Licenciatura,EDUCACAO,False,0,0.50552374,0.5111559409120412,0.5196042422801029,0.55,0.7619047619047619,Muito Alta,5,4,0.5837240333198286,0.4352063801561874,0.5837240333198286,Alta,Implantar curso
Tucuruí,Educação Física (Bacharelado),Bacharelado,SAUDE,False,0,0.50552374,0.5188404077378421,0.5388154093446053,0.55,0.7619047619047619,Muito Alta,5,4,0.5908321651336944,0.4417381769581182,0.5908321651336944,Alta,Implantar curso
Tucuruí,Física,Licenciatura,EDUCACAO,False,0,0.50552374,0.5111559409120412,0.5196042422801029,0.55,0.7619047619047619,Muito Alta,5,4,0.5837240333198286,0.4352063801561874,0.5837240333198286,Alta,Implantar curso
Tucuruí,Engenharia Florestal,Bacharelado,ENGENHARIA_TEC,False,0,0.50552374,0.5085084837914045,0.5129855994785112,0.3,0.7619047619047619,Muito Alta,5,4,0.5312751354832397,0.4329560416036462,0.5312751354832397,Alta,Implantar curso
Tucuruí,Educação Física (Licenciatura),Licenciatura,EDUCACAO,True,40,0.50552374,0.5111559409120412,0.5196042422801029,0.55,0.7619047619047619,Muito Alta,5,4,0.5837240333198286,0.5185397134895208,0.5185397134895208,Alta,Expandir vagas
Tucuruí,Filosofia,Licenciatura,EDUCACAO,False,0,0.50552374,0.5111559409120412,0.5196042422801029,0.55,0.7619047619047619,Muito Alta,5,4,0.5837240333198286,0.4352063801561874,0.5837240333198286,Alta,Implantar curso
Tucuruí,Pedagogia,Licenciatura,EDUCACAO,False,0,0.50552374,0.5111559409120412,0.5196042422801029,0.55,0.7619047619047619,Muito Alta,5,4,0.5837240333198286,0.4352063801561874,0.5837240333198286,Alta,Implantar curso
Tucuruí,Secretariado Executivo Trilíngue,Bacharelado,GESTAO_NEGOCIOS,False,0,0.50552374,0.5085084837914045,0.5129855994785112,0.6,0.7619047619047619,Muito Alta,5,4,0.5912751354832396,0.4329560416036462,0.5912751354832396,Alta,Implantar curso
Tucuruí,Ciências Sociais,Licenciatura,EDUCACAO,False,0,0.50552374,0.5111559409120412,0.5196042422801029,0.55,0.7619047619047619,Muito Alta,5,4,0.5837240333198286,0.4352063801561874,0.5837240333198286,Alta,Implantar curso
Tucuruí,Letras - Língua Portuguesa,Licenciatura,EDUCACAO,False,0,0.50552374,0.5111559409120412,0.5196042422801029,0.55,0.7619047619047619,Muito Alta,5,4,0.5837240333198286,0.4352063801561874,0.5837240333198286,Alta,Implantar curso
Tucuruí,Ciências da Religião,Licenciatura,EDUCACAO,False,0,0.50552374,0.5111559409120412,0.5196042422801029,0.55,0.7619047619047619,Muito Alta,5,4,0.5837240333198286,0.4352063801561874,0.5837240333198286,Alta,Implantar curso
Tucuruí,Biomedicina,Bacharelado,SAUDE,False,0,0.50552374,0.5188404077378421,0.5388154093446053,0.55,0.7619047619047619,Muito Alta,5,4,0.5908321651336944,0.4417381769581182,0.5908321651336944,Alta,Implantar curso
Tucuruí,Relações Internacionais,Bacharelado,GESTAO_NEGOCIOS,False,0,0.50552374,0.5085084837914045,0.5129855994785112,0.6,0.7619047619047619,Muito Alta,5,4,0.5912751354832396,0.4329560416036462,0.5912751354832396,Alta,Implantar curso
Tucuruí,Tecnologia em Comércio Exterior,Tecnólogo,GESTAO_NEGOCIOS,False,0,0.50552374,0.5085084837914045,0.5129855994785112,0.6,0.7619047619047619,Muito Alta,5,4,0.5912751354832396,0.4329560416036462,0.5912751354832396,Alta,Implantar curso
Tucuruí,História,Licenciatura,EDUCACAO,False,0,0.50552374,0.5111559409120412,0.5196042422801029,0.55,0.7619047619047619,Muito Alta,5,4,0.5837240333198286,0.4352063801561874,0.5837240333198286,Alta,Implantar curso
Tucuruí,Letras - Língua Inglesa,Licenciatura,EDUCACAO,False,0,0.50552374,0.5111559409120412,0.5196042422801029,0.55,0.7619047619047619,Muito Alta,5,4,0.5837240333198286,0.4352063801561874,0.5837240333198286,Alta,Implantar curso
Tucuruí,Matemática,Licenciatura,EDUCACAO,False,0,0.50552374,0.5111559409120412,0.5196042422801029,0.55,0.7619047619047619,Muito Alta,5,4,0.5837240333198286,0.4352063801561874,0.5837240333198286,Alta,Implantar curso
Tucuruí,Tecnologia de Alimentos,Tecnólogo,ENGENHARIA_TEC,False,0,0.50552374,0.5085084837914045,0.5129855994785112,0.3,0.7619047619047619,Muito Alta,5,4,0.5312751354832397,0.4329560416036462,0.5312751354832397,Alta,Implantar curso
Tucuruí,Engenharia Civil,Bacharelado,ENGENHARIA_TEC,False,0,0.50552374,0.39227353913644614,0.22239823784111531,0.3,0.7619047619047619,Muito Alta,5,4,0.4237578116774031,0.3341563386469316,0.4237578116774031,Média,Estudar viabilidade
Tucuruí,Química,Licenciatura,EDUCACAO,False,0,0.50552374,0.5111559409120412,0.5196042422801029,0.55,0.7619047619047619,Muito Alta,5,4,0.5837240333198286,0.4352063801561874,0.5837240333198286,Alta,Implantar curso
Tucuruí,Design,Bacharelado,GESTAO_NEGOCIOS,False,0,0.50552374,0.5085084837914045,0.5129855994785112,0.6,0.7619047619047619,Muito Alta,5,4,0.5912751354832396,0.4329560416036462,0.5912751354832396,Alta,Implantar curso
Tucuruí,Engenharia de Produção,Bacharelado,ENGENHARIA_TEC,False,0,0.50552374,0.5085084837914045,0.5129855994785112,0.3,0.7619047619047619,Muito Alta,5,4,0.5312751354832397,0.4329560416036462,0.5312751354832397,Alta,Implantar curso
Tucuruí,Engenharia de Software,Bacharelado,ENGENHARIA_TEC,False,0,0.50552374,0.5085084837914045,0.5129855994785112,0.3,0.7619047619047619,Muito Alta,5,4,0.5312751354832397,0.4329560416036462,0.5312751354832397,Alta,Implantar curso
Tucuruí,Engenharia Ambiental e Sanitária,Bacharelado,ENGENHARIA_TEC,False,0,0.50552374,0.39227353913644614,0.22239823784111531,0.3,0.7619047619047619,Muito Alta,5,4,0.4237578116774031,0.3341563386469316,0.4237578116774031,Média,Estudar viabilidade
Vigia,Ciências Naturais,Licenciatura,EDUCACAO,False,0,0.45718982,0.6076877942864826,0.8334347557162063,0.55,0.9047619047619048,Média,2,2,0.7268555034054724,0.5603300600958911,0.7268555034054724,Alta,Implantar curso
Vigia,Ciências Biológicas,Licenciatura,EDUCACAO,False,0,0.45718982,0.6076877942864826,0.8334347557162063,0.55,0.9047619047619048,Média,2,2,0.7268555034054724,0.5603300600958911,0.7268555034054724,Alta,Implantar curso
Vigia,Geografia,Licenciatura,EDUCACAO,False,0,0.45718982,0.6076877942864826,0.8334347557162063,0.55,0.9047619047619048,Média,2,2,0.7268555034054724,0.5603300600958911,0.7268555034054724,Alta,Implantar curso
Vigia,Ciências da Religião,Licenciatura,EDUCACAO,False,0,0.45718982,0.6076877942864826,0.8334347557162063,0.55,0.9047619047619048,Média,2,2,0.7268555034054724,0.5603300600958911,0.7268555034054724,Alta,Implantar curso
Vigia,Filosofia,Licenciatura,EDUCACAO,False,0,0.45718982,0.6076877942864826,0.8334347557162063,0.55,0.9047619047619048,Média,2,2,0.7268555034054724,0.5603300600958911,0.7268555034054724,Alta,Implantar curso
Vigia,História,Licenciatura,EDUCACAO,True,40,0.45718982,0.6076877942864826,0.8334347557162063,0.55,0.9047619047619048,Média,2,2,0.7268555034054724,0.6436633934292244,0.6436633934292244,Alta,Expandir vagas
Vigia,Letras - Língua Portuguesa,Licenciatura,EDUCACAO,True,40,0.45718982,0.6076877942864826,0.8334347557162063,0.55,0.9047619047619048,Média,2,2,0.7268555034054724,0.6436633934292244,0.6436633934292244,Alta,Expandir vagas
Vigia,Letras - Língua Inglesa,Licenciatura,EDUCACAO,False,0,0.45718982,0.6076877942864826,0.8334347557162063,0.55,0.9047619047619048,Média,2,2,0.7268555034054724,0.5603300600958911,0.7268555034054724,Alta,Implantar curso
Vigia,Ciências Sociais,Licenciatura,EDUCACAO,False,0,0.45718982,0.6076877942864826,0.8334347557162063,0.55,0.9047619047619048,Média,2,2,0.7268555034054724,0.5603300600958911,0.7268555034054724,Alta,Implantar curso
Vigia,Educação Física (Licenciatura),Licenciatura,EDUCACAO,False,0,0.45718982,0.6076877942864826,0.8334347557162063,0.55,0.9047619047619048,Média,2,2,0.7268555034054724,0.5603300600958911,0.7268555034054724,Alta,Implantar curso
Vigia,Pedagogia,Licenciatura,EDUCACAO,True,40,0.45718982,0.6076877942864826,0.8334347557162063,0.55,0.9047619047619048,Média,2,2,0.7268555034054724,0.6436633934292244,0.6436633934292244,Alta,Expandir vagas
Vigia,Matemática,Licenciatura,EDUCACAO,True,40,0.45718982,0.6076877942864826,0.8334347557162063,0.55,0.9047619047619048,Média,2,2,0.7268555034054724,0.6436633934292244,0.6436633934292244,Alta,Expandir vagas
Vigia,Física,Licenciatura,EDUCACAO,False,0,0.45718982,0.6076877942864826,0.8334347557162063,0.55,0.9047619047619048,Média,2,2,0.7268555034054724,0.5603300600958911,0.7268555034054724,Alta,Implantar curso
Vigia,Química,Licenciatura,EDUCACAO,False,0,0.45718982,0.6076877942864826,0.8334347557162063,0.55,0.9047619047619048,Média,2,2,0.7268555034054724,0.5603300600958911,0.7268555034054724,Alta,Implantar curso
Vigia,Saúde Coletiva,Bacharelado,SAUDE,False,0,0.45718982,0.5207756646260481,0.6161544315651202,0.4,0.9047619047619048,Média,2,2,0.6164617834695707,0.48645474988452186,0.6164617834695707,Alta,Implantar curso
Vigia,Engenharia Florestal,Bacharelado,ENGENHARIA_TEC,False,0,0.45718982,0.4795081317914045,0.5129855994785112,0.35,0.9047619047619048,Média,2,2,0.5682893155975254,0.4513773469750748,0.5682893155975254,Alta,Implantar curso
Vigia,Fonoaudiologia,Bacharelado,SAUDE,False,0,0.45718982,0.5207756646260481,0.6161544315651202,0.4,0.9047619047619048,Média,2,2,0.6164617834695707,0.48645474988452186,0.6164617834695707,Alta,Implantar curso
Vigia,Educação Física (Bacharelado),Bacharelado,SAUDE,False,0,0.45718982,0.5207756646260481,0.6161544315651202,0.4,0.9047619047619048,Média,2,2,0.6164617834695707,0.48645474988452186,0.6164617834695707,Alta,Implantar curso
Vigia,Terapia Ocupacional,Bacharelado,SAUDE,False,0,0.45718982,0.5207756646260481,0.6161544315651202,0.4,0.9047619047619048,Média,2,2,0.6164617834695707,0.48645474988452186,0.6164617834695707,Alta,Implantar curso
Vigia,Engenharia Ambiental e Sanitária,Bacharelado,ENGENHARIA_TEC,False,0,0.45718982,0.5390387481211334,0.6618121403028336,0.35,0.9047619047619048,Média,2,2,0.6233551357025247,0.5019783708553444,0.6233551357025247,Alta,Implantar curso
Vigia,Enfermagem,Bacharelado,SAUDE,False,0,0.45718982,0.5207756646260481,0.6161544315651202,0.4,0.9047619047619048,Média,2,2,0.6164617834695707,0.48645474988452186,0.6164617834695707,Alta,Implantar curso
Vigia,Medicina,Bacharelado,SAUDE,False,0,0.45718982,0.5207756646260481,0.6161544315651202,0.4,0.9047619047619048,Média,2,2,0.6164617834695707,0.48645474988452186,0.6164617834695707,Alta,Implantar curso
Vigia,Tecnologia de Alimentos,Tecnólogo,ENGENHARIA_TEC,False,0,0.45718982,0.4795081317914045,0.5129855994785112,0.35,0.9047619047619048,Média,2,2,0.5682893155975254,0.4513773469750748,0.5682893155975254,Alta,Implantar curso
Vigia,Fisioterapia,Bacharelado,SAUDE,False,0,0.45718982,0.5207756646260481,0.6161544315651202,0.4,0.9047619047619048,Média,2,2,0.6164617834695707,0.48645474988452186,0.6164617834695707,Alta,Implantar curso
Vigia,Biomedicina,Bacharelado,SAUDE,False,0,0.45718982,0.5207756646260481,0.6161544315651202,0.4,0.9047619047619048,Média,2,2,0.6164617834695707,0.48645474988452186,0.6164617834695707,Alta,Implantar curso
Vigia,Secretariado Executivo Trilíngue,Bacharelado,GESTAO_NEGOCIOS,False,0,0.45718982,0.4795081317914045,0.5129855994785112,0.4,0.9047619047619048,Média,2,2,0.5782893155975254,0.4513773469750748,0.5782893155975254,Alta,Implantar curso
Vigia,Relações Internacionais,Bacharelado,GESTAO_NEGOCIOS,False,0,0.45718982,0.4795081317914045,0.5129855994785112,0.4,0.9047619047619048,Média,2,2,0.5782893155975254,0.4513773469750748,0.5782893155975254,Alta,Implantar curso
Vigia,Design,Bacharelado,GESTAO_NEGOCIOS,False,0,0.45718982,0.4795081317914045,0.5129855994785112,0.4,0.9047619047619048,Média,2,2,0.5782893155975254,0.4513773469750748,0.5782893155975254,Alta,Implantar curso
Vigia,Engenharia Civil,Bacharelado,ENGENHARIA_TEC,False,0,0.45718982,0.5390387481211334,0.6618121403028336,0.35,0.9047619047619048,Média,2,2,0.6233551357025247,0.5019783708553444,0.6233551357025247,Alta,Implantar curso
Vigia,Tecnologia em Comércio Exterior,Tecnólogo,GESTAO_NEGOCIOS,False,0,0.45718982,0.4795081317914045,0.5129855994785112,0.4,0.9047619047619048,Média,2,2,0.5782893155975254,0.4513773469750748,0.5782893155975254,Alta,Implantar curso
Vigia,Engenharia de Produção,Bacharelado,ENGENHARIA_TEC,False,0,0.45718982,0.4795081317914045,0.5129855994785112,0.35,0.9047619047619048,Média,2,2,0.5682893155975254,0.4513773469750748,0.5682893155975254,Alta,Implantar curso
Vigia,Engenharia de Software,Bacharelado,ENGENHARIA_TEC,False,0,0.45718982,0.4795081317914045,0.5129855994785112,0.35,0.9047619047619048,Média,2,2,0.5682893155975254,0.4513773469750748,0.5682893155975254,Alta,Implantar curso
