municipio,curso,grau,eixo,ofertado_prosel_2026,vagas_regulares,D4_demanda_municipal,demanda_composta,necessidade_norm,aderencia_setorial,concorrencia_norm,nivel_concorrencia,n_ies_presenciais,n_cursos_concorrentes,II,IE,IP,prioridade_final,decisao_final,categoria_decisao,ip_alto,demanda_razoavel,plausivel_implantacao,plausivel_expansao,classificacao_final
Altamira,Saúde Coletiva,Bacharelado,SAUDE,False,0,0.50920989,0.5894185750194592,0.7097316025486479,0.65,0.7619047619047619,Muito Alta,5,7,0.6747346636191902,0.5006237741474927,0.6747346636191902,Alta,Implantar curso,Implantação,True,True,True,False,Fase 2 - Prioridade Alta para Estudo de Implantação
Altamira,Fisioterapia,Bacharelado,SAUDE,False,0,0.50920989,0.5894185750194592,0.7097316025486479,0.65,0.7619047619047619,Muito Alta,5,7,0.6747346636191902,0.5006237741474927,0.6747346636191902,Alta,Implantar curso,Implantação,True,True,True,False,Fase 2 - Prioridade Alta para Estudo de Implantação
Altamira,Fonoaudiologia,Bacharelado,SAUDE,False,0,0.50920989,0.5894185750194592,0.7097316025486479,0.65,0.7619047619047619,Muito Alta,5,7,0.6747346636191902,0.5006237741474927,0.6747346636191902,Alta,Implantar curso,Implantação,True,True,True,False,Fase 2 - Prioridade Alta para Estudo de Implantação
Altamira,Terapia Ocupacional,Bacharelado,SAUDE,False,0,0.50920989,0.5894185750194592,0.7097316025486479,0.65,0.7619047619047619,Muito Alta,5,7,0.6747346636191902,0.5006237741474927,0.6747346636191902,Alta,Implantar curso,Implantação,True,True,True,False,Fase 2 - Prioridade Alta para Estudo de Implantação
Altamira,Engenharia Civil,Bacharelado,ENGENHARIA_TEC,False,0,0.50920989,0.5142568852929099,0.5218273782322749,0.35,0.7619047619047619,Muito Alta,5,7,0.5452101006221322,0.4367363378799258,0.5452101006221322,Alta,Implantar curso,Implantação,True,True,True,False,Fase 2 - Prioridade Alta para Estudo de Implantação
Altamira,Ciências Naturais,Licenciatura,EDUCACAO,False,0,0.50920989,0.5111931342024693,0.5141680005061732,0.65,0.7619047619047619,Muito Alta,5,7,0.6023761308634745,0.4341321494530513,0.6023761308634745,Alta,Implantar curso,Implantação,True,True,True,False,Fase 2 - Prioridade Alta para Estudo de Implantação
Altamira,Física,Licenciatura,EDUCACAO,False,0,0.50920989,0.5111931342024693,0.5141680005061732,0.65,0.7619047619047619,Muito Alta,5,7,0.6023761308634745,0.4341321494530513,0.6023761308634745,Alta,Implantar curso,Implantação,True,True,True,False,Fase 2 - Prioridade Alta para Estudo de Implantação
Altamira,Medicina,Bacharelado,SAUDE,False,0,0.50920989,0.5894185750194592,0.7097316025486479,0.65,0.7619047619047619,Muito Alta,5,7,0.6747346636191902,0.5006237741474927,0.6747346636191902,Alta,Implantar curso,Implantação,True,True,True,False,Fase 2 - Prioridade Alta para Estudo de Implantação
Altamira,Biomedicina,Bacharelado,SAUDE,False,0,0.50920989,0.5894185750194592,0.7097316025486479,0.65,0.7619047619047619,Muito Alta,5,7,0.6747346636191902,0.5006237741474927,0.6747346636191902,Alta,Implantar curso,Implantação,True,True,True,False,Fase 2 - Prioridade Alta para Estudo de Implantação
Altamira,Engenharia Florestal,Bacharelado,ENGENHARIA_TEC,False,0,0.50920989,0.5107201737914044,0.5129855994785112,0.35,0.7619047619047619,Muito Alta,5,7,0.5419386424832395,0.4337301331036461,0.5419386424832395,Alta,Implantar curso,Implantação,True,True,True,False,Fase 2 - Prioridade Alta para Estudo de Implantação
Altamira,Ciências Biológicas,Licenciatura,EDUCACAO,False,0,0.50920989,0.5111931342024693,0.5141680005061732,0.65,0.7619047619047619,Muito Alta,5,7,0.6023761308634745,0.4341321494530513,0.6023761308634745,Alta,Implantar curso,Implantação,True,True,True,False,Fase 2 - Prioridade Alta para Estudo de Implantação
Altamira,Educação Física (Licenciatura),Licenciatura,EDUCACAO,False,0,0.50920989,0.5111931342024693,0.5141680005061732,0.65,0.7619047619047619,Muito Alta,5,7,0.6023761308634745,0.4341321494530513,0.6023761308634745,Alta,Implantar curso,Implantação,True,True,True,False,Fase 2 - Prioridade Alta para Estudo de Implantação
Altamira,Filosofia,Licenciatura,EDUCACAO,False,0,0.50920989,0.5111931342024693,0.5141680005061732,0.65,0.7619047619047619,Muito Alta,5,7,0.6023761308634745,0.4341321494530513,0.6023761308634745,Alta,Implantar curso,Implantação,True,True,True,False,Fase 2 - Prioridade Alta para Estudo de Implantação
Altamira,Geografia,Licenciatura,EDUCACAO,False,0,0.50920989,0.5111931342024693,0.5141680005061732,0.65,0.7619047619047619,Muito Alta,5,7,0.6023761308634745,0.4341321494530513,0.6023761308634745,Alta,Implantar curso,Implantação,True,True,True,False,Fase 2 - Prioridade Alta para Estudo de Implantação
Altamira,Ciências Sociais,Licenciatura,EDUCACAO,False,0,0.50920989,0.5111931342024693,0.5141680005061732,0.65,0.7619047619047619,Muito Alta,5,7,0.6023761308634745,0.4341321494530513,0.6023761308634745,Alta,Implantar curso,Implantação,True,True,True,False,Fase 2 - Prioridade Alta para Estudo de Implantação
Altamira,Ciências da Religião,Licenciatura,EDUCACAO,False,0,0.50920989,0.5111931342024693,0.5141680005061732,0.65,0.7619047619047619,Muito Alta,5,7,0.6023761308634745,0.4341321494530513,0.6023761308634745,Alta,Implantar curso,Implantação,True,True,True,False,Fase 2 - Prioridade Alta para Estudo de Implantação
Altamira,História,Licenciatura,EDUCACAO,False,0,0.50920989,0.5111931342024693,0.5141680005061732,0.65,0.7619047619047619,Muito Alta,5,7,0.6023761308634745,0.4341321494530513,0.6023761308634745,Alta,Implantar curso,Implantação,True,True,True,False,Fase 2 - Prioridade Alta para Estudo de Implantação
Altamira,Pedagogia,Licenciatura,EDUCACAO,False,0,0.50920989,0.5111931342024693,0.5141680005061732,0.65,0.7619047619047619,Muito Alta,5,7,0.6023761308634745,0.4341321494530513,0.6023761308634745,Alta,Implantar curso,Implantação,True,True,True,False,Fase 2 - Prioridade Alta para Estudo de Implantação
Altamira,Secretariado Executivo Trilíngue,Bacharelado,GESTAO_NEGOCIOS,False,0,0.50920989,0.5107201737914044,0.5129855994785112,0.65,0.7619047619047619,Muito Alta,5,7,0.6019386424832396,0.4337301331036461,0.6019386424832396,Alta,Implantar curso,Implantação,True,True,True,False,Fase 2 - Prioridade Alta para Estudo de Implantação
Altamira,Letras - Língua Portuguesa,Licenciatura,EDUCACAO,False,0,0.50920989,0.5111931342024693,0.5141680005061732,0.65,0.7619047619047619,Muito Alta,5,7,0.6023761308634745,0.4341321494530513,0.6023761308634745,Alta,Implantar curso,Implantação,True,True,True,False,Fase 2 - Prioridade Alta para Estudo de Implantação
Altamira,Relações Internacionais,Bacharelado,GESTAO_NEGOCIOS,False,0,0.50920989,0.5107201737914044,0.5129855994785112,0.65,0.7619047619047619,Muito Alta,5,7,0.6019386424832396,0.4337301331036461,0.6019386424832396,Alta,Implantar curso,Implantação,True,True,True,False,Fase 2 - Prioridade Alta para Estudo de Implantação
Altamira,Química,Licenciatura,EDUCACAO,False,0,0.50920989,0.5111931342024693,0.5141680005061732,0.65,0.7619047619047619,Muito Alta,5,7,0.6023761308634745,0.4341321494530513,0.6023761308634745,Alta,Implantar curso,Implantação,True,True,True,False,Fase 2 - Prioridade Alta para Estudo de Implantação
Altamira,Tecnologia de Alimentos,Tecnólogo,ENGENHARIA_TEC,False,0,0.50920989,0.5107201737914044,0.5129855994785112,0.35,0.7619047619047619,Muito Alta,5,7,0.5419386424832395,0.4337301331036461,0.5419386424832395,Alta,Implantar curso,Implantação,True,True,True,False,Fase 2 - Prioridade Alta para Estudo de Implantação
Altamira,Letras - Língua Inglesa,Licenciatura,EDUCACAO,False,0,0.50920989,0.5111931342024693,0.5141680005061732,0.65,0.7619047619047619,Muito Alta,5,7,0.6023761308634745,0.4341321494530513,0.6023761308634745,Alta,Implantar curso,Implantação,True,True,True,False,Fase 2 - Prioridade Alta para Estudo de Implantação
Altamira,Tecnologia em Comércio Exterior,Tecnólogo,GESTAO_NEGOCIOS,False,0,0.50920989,0.5107201737914044,0.5129855994785112,0.65,0.7619047619047619,Muito Alta,5,7,0.6019386424832396,0.4337301331036461,0.6019386424832396,Alta,Implantar curso,Implantação,True,True,True,False,Fase 2 - Prioridade Alta para Estudo de Implantação
Altamira,Engenharia de Produção,Bacharelado,ENGENHARIA_TEC,False,0,0.50920989,0.5107201737914044,0.5129855994785112,0.35,0.7619047619047619,Muito Alta,5,7,0.5419386424832395,0.4337301331036461,0.5419386424832395,Alta,Implantar curso,Implantação,True,True,True,False,Fase 2 - Prioridade Alta para Estudo de Implantação
Altamira,Design,Bacharelado,GESTAO_NEGOCIOS,False,0,0.50920989,0.5107201737914044,0.5129855994785112,0.65,0.7619047619047619,Muito Alta,5,7,0.6019386424832396,0.4337301331036461,0.6019386424832396,Alta,Implantar curso,Implantação,True,True,True,False,Fase 2 - Prioridade Alta para Estudo de Implantação
Altamira,Engenharia de Software,Bacharelado,ENGENHARIA_TEC,False,0,0.50920989,0.5107201737914044,0.5129855994785112,0.35,0.7619047619047619,Muito Alta,5,7,0.5419386424832395,0.4337301331036461,0.5419386424832395,Alta,Implantar curso,Implantação,True,True,True,False,Fase 2 - Prioridade Alta para Estudo de Implantação
Ananindeua,Secretariado Executivo Trilíngue,Bacharelado,GESTAO_NEGOCIOS,False,0,0.76095789,0.6617689737914045,0.5129855994785112,0.85,0.6190476190476191,Muito Alta,8,8,0.651538996768954,0.4580257845322176,0.651538996768954,Alta,Implantar curso,Implantação,True,True,True,False,Fase 2 - Prioridade Alta para Estudo de Implantação
Ananindeua,Tecnologia em Comércio Exterior,Tecnólogo,GESTAO_NEGOCIOS,False,0,0.76095789,0.6617689737914045,0.5129855994785112,0.85,0.6190476190476191,Muito Alta,8,8,0.651538996768954,0.4580257845322176,0.651538996768954,Alta,Implantar curso,Implantação,True,True,True,False,Fase 2 - Prioridade Alta para Estudo de Implantação
Ananindeua,Educação Física (Licenciatura),Licenciatura,EDUCACAO,False,0,0.76095789,0.630838699953433,0.4356599148835826,0.7,0.6190476190476191,Muito Alta,8,8,0.5929284934688303,0.4317350517699418,0.5929284934688303,Alta,Implantar curso,Implantação,True,True,True,False,Fase 2 - Prioridade Alta para Estudo de Implantação
Ananindeua,Filosofia,Licenciatura,EDUCACAO,False,0,0.76095789,0.630838699953433,0.4356599148835826,0.7,0.6190476190476191,Muito Alta,8,8,0.5929284934688303,0.4317350517699418,0.5929284934688303,Alta,Implantar curso,Implantação,True,True,True,False,Fase 2 - Prioridade Alta para Estudo de Implantação
Ananindeua,Relações Internacionais,Bacharelado,GESTAO_NEGOCIOS,False,0,0.76095789,0.6617689737914045,0.5129855994785112,0.85,0.6190476190476191,Muito Alta,8,8,0.651538996768954,0.4580257845322176,0.651538996768954,Alta,Implantar curso,Implantação,True,True,True,False,Fase 2 - Prioridade Alta para Estudo de Implantação
Ananindeua,Design,Bacharelado,GESTAO_NEGOCIOS,False,0,0.76095789,0.6617689737914045,0.5129855994785112,0.85,0.6190476190476191,Muito Alta,8,8,0.651538996768954,0.4580257845322176,0.651538996768954,Alta,Implantar curso,Implantação,True,True,True,False,Fase 2 - Prioridade Alta para Estudo de Implantação
Ananindeua,Letras - Língua Portuguesa,Licenciatura,EDUCACAO,False,0,0.76095789,0.630838699953433,0.4356599148835826,0.7,0.6190476190476191,Muito Alta,8,8,0.5929284934688303,0.4317350517699418,0.5929284934688303,Alta,Implantar curso,Implantação,True,True,True,False,Fase 2 - Prioridade Alta para Estudo de Implantação
Ananindeua,Ciências da Religião,Licenciatura,EDUCACAO,False,0,0.76095789,0.630838699953433,0.4356599148835826,0.7,0.6190476190476191,Muito Alta,8,8,0.5929284934688303,0.4317350517699418,0.5929284934688303,Alta,Implantar curso,Implantação,True,True,True,False,Fase 2 - Prioridade Alta para Estudo de Implantação
Ananindeua,Ciências Sociais,Licenciatura,EDUCACAO,False,0,0.76095789,0.630838699953433,0.4356599148835826,0.7,0.6190476190476191,Muito Alta,8,8,0.5929284934688303,0.4317350517699418,0.5929284934688303,Alta,Implantar curso,Implantação,True,True,True,False,Fase 2 - Prioridade Alta para Estudo de Implantação
Ananindeua,Pedagogia,Licenciatura,EDUCACAO,False,0,0.76095789,0.630838699953433,0.4356599148835826,0.7,0.6190476190476191,Muito Alta,8,8,0.5929284934688303,0.4317350517699418,0.5929284934688303,Alta,Implantar curso,Implantação,True,True,True,False,Fase 2 - Prioridade Alta para Estudo de Implantação
Ananindeua,Letras - Língua Inglesa,Licenciatura,EDUCACAO,False,0,0.76095789,0.630838699953433,0.4356599148835826,0.7,0.6190476190476191,Muito Alta,8,8,0.5929284934688303,0.4317350517699418,0.5929284934688303,Alta,Implantar curso,Implantação,True,True,True,False,Fase 2 - Prioridade Alta para Estudo de Implantação
Ananindeua,Ciências Naturais,Licenciatura,EDUCACAO,False,0,0.76095789,0.630838699953433,0.4356599148835826,0.7,0.6190476190476191,Muito Alta,8,8,0.5929284934688303,0.4317350517699418,0.5929284934688303,Alta,Implantar curso,Implantação,True,True,True,False,Fase 2 - Prioridade Alta para Estudo de Implantação
Ananindeua,Ciências Biológicas,Licenciatura,EDUCACAO,False,0,0.76095789,0.630838699953433,0.4356599148835826,0.7,0.6190476190476191,Muito Alta,8,8,0.5929284934688303,0.4317350517699418,0.5929284934688303,Alta,Implantar curso,Implantação,True,True,True,False,Fase 2 - Prioridade Alta para Estudo de Implantação
Ananindeua,Geografia,Licenciatura,EDUCACAO,False,0,0.76095789,0.630838699953433,0.4356599148835826,0.7,0.6190476190476191,Muito Alta,8,8,0.5929284934688303,0.4317350517699418,0.5929284934688303,Alta,Implantar curso,Implantação,True,True,True,False,Fase 2 - Prioridade Alta para Estudo de Implantação
Ananindeua,Fisioterapia,Bacharelado,SAUDE,False,0,0.76095789,0.5346072881277012,0.1950813853192529,0.7,0.6190476190476191,Muito Alta,8,8,0.5039144375300283,0.3499383517180698,0.5039144375300283,Alta,Implantar curso,Implantação,True,True,True,False,Fase 2 - Prioridade Alta para Estudo de Implantação
Ananindeua,Engenharia Civil,Bacharelado,ENGENHARIA_TEC,False,0,0.76095789,0.6125528932482331,0.3899453981205829,0.7,0.6190476190476191,Muito Alta,8,8,0.5760141222665204,0.416192116070522,0.5760141222665204,Alta,Implantar curso,Implantação,True,True,True,False,Fase 2 - Prioridade Alta para Estudo de Implantação
Ananindeua,Terapia Ocupacional,Bacharelado,SAUDE,False,0,0.76095789,0.5346072881277012,0.1950813853192529,0.7,0.6190476190476191,Muito Alta,8,8,0.5039144375300283,0.3499383517180698,0.5039144375300283,Alta,Implantar curso,Implantação,True,True,True,False,Fase 2 - Prioridade Alta para Estudo de Implantação
Ananindeua,Física,Licenciatura,EDUCACAO,False,0,0.76095789,0.630838699953433,0.4356599148835826,0.7,0.6190476190476191,Muito Alta,8,8,0.5929284934688303,0.4317350517699418,0.5929284934688303,Alta,Implantar curso,Implantação,True,True,True,False,Fase 2 - Prioridade Alta para Estudo de Implantação
Ananindeua,História,Licenciatura,EDUCACAO,False,0,0.76095789,0.630838699953433,0.4356599148835826,0.7,0.6190476190476191,Muito Alta,8,8,0.5929284934688303,0.4317350517699418,0.5929284934688303,Alta,Implantar curso,Implantação,True,True,True,False,Fase 2 - Prioridade Alta para Estudo de Implantação
Ananindeua,Engenharia de Produção,Bacharelado,ENGENHARIA_TEC,False,0,0.76095789,0.6617689737914045,0.5129855994785112,0.7,0.6190476190476191,Muito Alta,8,8,0.621538996768954,0.4580257845322176,0.621538996768954,Alta,Implantar curso,Implantação,True,True,True,False,Fase 2 - Prioridade Alta para Estudo de Implantação
Ananindeua,Química,Licenciatura,EDUCACAO,False,0,0.76095789,0.630838699953433,0.4356599148835826,0.7,0.6190476190476191,Muito Alta,8,8,0.5929284934688303,0.4317350517699418,0.5929284934688303,Alta,Implantar curso,Implantação,True,True,True,False,Fase 2 - Prioridade Alta para Estudo de Implantação
Ananindeua,Biomedicina,Bacharelado,SAUDE,False,0,0.76095789,0.5346072881277012,0.1950813853192529,0.7,0.6190476190476191,Muito Alta,8,8,0.5039144375300283,0.3499383517180698,0.5039144375300283,Alta,Implantar curso,Implantação,True,True,True,False,Fase 2 - Prioridade Alta para Estudo de Implantação
Ananindeua,Fonoaudiologia,Bacharelado,SAUDE,False,0,0.76095789,0.5346072881277012,0.1950813853192529,0.7,0.6190476190476191,Muito Alta,8,8,0.5039144375300283,0.3499383517180698,0.5039144375300283,Alta,Implantar curso,Implantação,True,True,True,False,Fase 2 - Prioridade Alta para Estudo de Implantação
Ananindeua,Engenharia Ambiental e Sanitária,Bacharelado,ENGENHARIA_TEC,False,0,0.76095789,0.6125528932482331,0.3899453981205829,0.7,0.6190476190476191,Muito Alta,8,8,0.5760141222665204,0.416192116070522,0.5760141222665204,Alta,Implantar curso,Implantação,True,True,True,False,Fase 2 - Prioridade Alta para Estudo de Implantação
Ananindeua,Medicina,Bacharelado,SAUDE,False,0,0.76095789,0.5346072881277012,0.1950813853192529,0.7,0.6190476190476191,Muito Alta,8,8,0.5039144375300283,0.3499383517180698,0.5039144375300283,Alta,Implantar curso,Implantação,True,True,True,False,Fase 2 - Prioridade Alta para Estudo de Implantação
Ananindeua,Educação Física (Bacharelado),Bacharelado,SAUDE,False,0,0.76095789,0.5346072881277012,0.1950813853192529,0.7,0.6190476190476191,Muito Alta,8,8,0.5039144375300283,0.3499383517180698,0.5039144375300283,Alta,Implantar curso,Implantação,True,True,True,False,Fase 2 - Prioridade Alta para Estudo de Implantação
Ananindeua,Saúde Coletiva,Bacharelado,SAUDE,False,0,0.76095789,0.5346072881277012,0.1950813853192529,0.7,0.6190476190476191,Muito Alta,8,8,0.5039144375300283,0.3499383517180698,0.5039144375300283,Alta,Implantar curso,Implantação,True,True,True,False,Fase 2 - Prioridade Alta para Estudo de Implantação
Ananindeua,Tecnologia de Alimentos,Tecnólogo,ENGENHARIA_TEC,False,0,0.76095789,0.6617689737914045,0.5129855994785112,0.7,0.6190476190476191,Muito Alta,8,8,0.621538996768954,0.4580257845322176,0.621538996768954,Alta,Implantar curso,Implantação,True,True,True,False,Fase 2 - Prioridade Alta para Estudo de Implantação
Ananindeua,Enfermagem,Bacharelado,SAUDE,False,0,0.76095789,0.5346072881277012,0.1950813853192529,0.7,0.6190476190476191,Muito Alta,8,8,0.5039144375300283,0.3499383517180698,0.5039144375300283,Alta,Implantar curso,Implantação,True,True,True,False,Fase 2 - Prioridade Alta para Estudo de Implantação
Barcarena,Engenharia de Produção,Bacharelado,ENGENHARIA_TEC,False,0,0.44969029,0.4750084137914044,0.5129855994785112,0.95,0.9047619047619048,Média,2,0,0.6869394001975253,0.4498024456750747,0.6869394001975253,Alta,Implantar curso,Implantação,True,True,True,False,Fase 2 - Prioridade Alta para Estudo de Implantação
Barcarena,Engenharia Ambiental e Sanitária,Bacharelado,ENGENHARIA_TEC,False,0,0.44969029,0.5221989152925901,0.6309618532314754,0.95,0.9047619047619048,Média,2,0,0.730590614086122,0.4899143719510825,0.730590614086122,Alta,Implantar curso,Implantação,True,True,True,False,Fase 2 - Prioridade Alta para Estudo de Implantação
Barcarena,Tecnologia em Comércio Exterior,Tecnólogo,GESTAO_NEGOCIOS,False,0,0.44969029,0.4750084137914044,0.5129855994785112,0.55,0.9047619047619048,Média,2,0,0.6069394001975253,0.4498024456750747,0.6069394001975253,Alta,Implantar curso,Implantação,True,True,True,False,Fase 2 - Prioridade Alta para Estudo de Implantação
Barcarena,Engenharia Civil,Bacharelado,ENGENHARIA_TEC,False,0,0.44969029,0.5221989152925901,0.6309618532314754,0.95,0.9047619047619048,Média,2,0,0.730590614086122,0.4899143719510825,0.730590614086122,Alta,Implantar curso,Implantação,True,True,True,False,Fase 2 - Prioridade Alta para Estudo de Implantação
Barcarena,Química,Licenciatura,EDUCACAO,False,0,0.44969029,0.546568513701711,0.6918858492542775,0.45,0.9047619047619048,Média,2,0,0.6531324926145589,0.5106285305988354,0.6531324926145589,Alta,Implantar curso,Implantação,True,True,True,False,Fase 2 - Prioridade Alta para Estudo de Implantação
Barcarena,Relações Internacionais,Bacharelado,GESTAO_NEGOCIOS,False,0,0.44969029,0.4750084137914044,0.5129855994785112,0.55,0.9047619047619048,Média,2,0,0.6069394001975253,0.4498024456750747,0.6069394001975253,Alta,Implantar curso,Implantação,True,True,True,False,Fase 2 - Prioridade Alta para Estudo de Implantação
Barcarena,Secretariado Executivo Trilíngue,Bacharelado,GESTAO_NEGOCIOS,False,0,0.44969029,0.4750084137914044,0.5129855994785112,0.55,0.9047619047619048,Média,2,0,0.6069394001975253,0.4498024456750747,0.6069394001975253,Alta,Implantar curso,Implantação,True,True,True,False,Fase 2 - Prioridade Alta para Estudo de Implantação
Barcarena,Ciências Naturais,Licenciatura,EDUCACAO,False,0,0.44969029,0.546568513701711,0.6918858492542775,0.45,0.9047619047619048,Média,2,0,0.6531324926145589,0.5106285305988354,0.6531324926145589,Alta,Implantar curso,Implantação,True,True,True,False,Fase 2 - Prioridade Alta para Estudo de Implantação
Barcarena,Ciências Biológicas,Licenciatura,EDUCACAO,False,0,0.44969029,0.546568513701711,0.6918858492542775,0.45,0.9047619047619048,Média,2,0,0.6531324926145589,0.5106285305988354,0.6531324926145589,Alta,Implantar curso,Implantação,True,True,True,False,Fase 2 - Prioridade Alta para Estudo de Implantação
Barcarena,Engenharia Florestal,Bacharelado,ENGENHARIA_TEC,False,0,0.44969029,0.4750084137914044,0.5129855994785112,0.95,0.9047619047619048,Média,2,0,0.6869394001975253,0.4498024456750747,0.6869394001975253,Alta,Implantar curso,Implantação,True,True,True,False,Fase 2 - Prioridade Alta para Estudo de Implantação
Barcarena,Letras - Língua Inglesa,Licenciatura,EDUCACAO,False,0,0.44969029,0.546568513701711,0.6918858492542775,0.45,0.9047619047619048,Média,2,0,0.6531324926145589,0.5106285305988354,0.6531324926145589,Alta,Implantar curso,Implantação,True,True,True,False,Fase 2 - Prioridade Alta para Estudo de Implantação
Barcarena,Tecnologia de Alimentos,Tecnólogo,ENGENHARIA_TEC,False,0,0.44969029,0.4750084137914044,0.5129855994785112,0.95,0.9047619047619048,Média,2,0,0.6869394001975253,0.4498024456750747,0.6869394001975253,Alta,Implantar curso,Implantação,True,True,True,False,Fase 2 - Prioridade Alta para Estudo de Implantação
Barcarena,Pedagogia,Licenciatura,EDUCACAO,False,0,0.44969029,0.546568513701711,0.6918858492542775,0.45,0.9047619047619048,Média,2,0,0.6531324926145589,0.5106285305988354,0.6531324926145589,Alta,Implantar curso,Implantação,True,True,True,False,Fase 2 - Prioridade Alta para Estudo de Implantação
Barcarena,Educação Física (Licenciatura),Licenciatura,EDUCACAO,False,0,0.44969029,0.546568513701711,0.6918858492542775,0.45,0.9047619047619048,Média,2,0,0.6531324926145589,0.5106285305988354,0.6531324926145589,Alta,Implantar curso,Implantação,True,True,True,False,Fase 2 - Prioridade Alta para Estudo de Implantação
Barcarena,Filosofia,Licenciatura,EDUCACAO,False,0,0.44969029,0.546568513701711,0.6918858492542775,0.45,0.9047619047619048,Média,2,0,0.6531324926145589,0.5106285305988354,0.6531324926145589,Alta,Implantar curso,Implantação,True,True,True,False,Fase 2 - Prioridade Alta para Estudo de Implantação
Barcarena,Ciências Sociais,Licenciatura,EDUCACAO,False,0,0.44969029,0.546568513701711,0.6918858492542775,0.45,0.9047619047619048,Média,2,0,0.6531324926145589,0.5106285305988354,0.6531324926145589,Alta,Implantar curso,Implantação,True,True,True,False,Fase 2 - Prioridade Alta para Estudo de Implantação
Barcarena,Matemática,Licenciatura,EDUCACAO,False,0,0.44969029,0.546568513701711,0.6918858492542775,0.45,0.9047619047619048,Média,2,0,0.6531324926145589,0.5106285305988354,0.6531324926145589,Alta,Implantar curso,Implantação,True,True,True,False,Fase 2 - Prioridade Alta para Estudo de Implantação
Barcarena,Design,Bacharelado,GESTAO_NEGOCIOS,False,0,0.44969029,0.4750084137914044,0.5129855994785112,0.55,0.9047619047619048,Média,2,0,0.6069394001975253,0.4498024456750747,0.6069394001975253,Alta,Implantar curso,Implantação,True,True,True,False,Fase 2 - Prioridade Alta para Estudo de Implantação
Barcarena,Letras - Língua Portuguesa,Licenciatura,EDUCACAO,False,0,0.44969029,0.546568513701711,0.6918858492542775,0.45,0.9047619047619048,Média,2,0,0.6531324926145589,0.5106285305988354,0.6531324926145589,Alta,Implantar curso,Implantação,True,True,True,False,Fase 2 - Prioridade Alta para Estudo de Implantação
Barcarena,Ciências da Religião,Licenciatura,EDUCACAO,False,0,0.44969029,0.546568513701711,0.6918858492542775,0.45,0.9047619047619048,Média,2,0,0.6531324926145589,0.5106285305988354,0.6531324926145589,Alta,Implantar curso,Implantação,True,True,True,False,Fase 2 - Prioridade Alta para Estudo de Implantação
Barcarena,Engenharia de Software,Bacharelado,ENGENHARIA_TEC,False,0,0.44969029,0.4750084137914044,0.5129855994785112,0.95,0.9047619047619048,Média,2,0,0.6869394001975253,0.4498024456750747,0.6869394001975253,Alta,Implantar curso,Implantação,True,True,True,False,Fase 2 - Prioridade Alta para Estudo de Implantação
Barcarena,História,Licenciatura,EDUCACAO,False,0,0.44969029,0.546568513701711,0.6918858492542775,0.45,0.9047619047619048,Média,2,0,0.6531324926145589,0.5106285305988354,0.6531324926145589,Alta,Implantar curso,Implantação,True,True,True,False,Fase 2 - Prioridade Alta para Estudo de Implantação
Bragança,Ciências da Religião,Licenciatura,EDUCACAO,False,0,0.63029087,0.7015514594170804,0.8084423435427011,0.6,0.8095238095238095,Alta,4,8,0.7349569760917518,0.5691362414092802,0.7349569760917518,Alta,Implantar curso,Implantação,True,True,True,False,Fase 2 - Prioridade Alta para Estudo de Implantação
Bragança,Filosofia,Licenciatura,EDUCACAO,False,0,0.63029087,0.7015514594170804,0.8084423435427011,0.6,0.8095238095238095,Alta,4,8,0.7349569760917518,0.5691362414092802,0.7349569760917518,Alta,Implantar curso,Implantação,True,True,True,False,Fase 2 - Prioridade Alta para Estudo de Implantação
Bragança,Geografia,Licenciatura,EDUCACAO,False,0,0.63029087,0.7015514594170804,0.8084423435427011,0.6,0.8095238095238095,Alta,4,8,0.7349569760917518,0.5691362414092802,0.7349569760917518,Alta,Implantar curso,Implantação,True,True,True,False,Fase 2 - Prioridade Alta para Estudo de Implantação
Bragança,Educação Física (Licenciatura),Licenciatura,EDUCACAO,False,0,0.63029087,0.7015514594170804,0.8084423435427011,0.6,0.8095238095238095,Alta,4,8,0.7349569760917518,0.5691362414092802,0.7349569760917518,Alta,Implantar curso,Implantação,True,True,True,False,Fase 2 - Prioridade Alta para Estudo de Implantação
Bragança,Ciências Naturais,Licenciatura,EDUCACAO,False,0,0.63029087,0.7015514594170804,0.8084423435427011,0.6,0.8095238095238095,Alta,4,8,0.7349569760917518,0.5691362414092802,0.7349569760917518,Alta,Implantar curso,Implantação,True,True,True,False,Fase 2 - Prioridade Alta para Estudo de Implantação
Bragança,Ciências Biológicas,Licenciatura,EDUCACAO,False,0,0.63029087,0.7015514594170804,0.8084423435427011,0.6,0.8095238095238095,Alta,4,8,0.7349569760917518,0.5691362414092802,0.7349569760917518,Alta,Implantar curso,Implantação,True,True,True,False,Fase 2 - Prioridade Alta para Estudo de Implantação
Bragança,Ciências Sociais,Licenciatura,EDUCACAO,False,0,0.63029087,0.7015514594170804,0.8084423435427011,0.6,0.8095238095238095,Alta,4,8,0.7349569760917518,0.5691362414092802,0.7349569760917518,Alta,Implantar curso,Implantação,True,True,True,False,Fase 2 - Prioridade Alta para Estudo de Implantação
Bragança,História,Licenciatura,EDUCACAO,False,0,0.63029087,0.7015514594170804,0.8084423435427011,0.6,0.8095238095238095,Alta,4,8,0.7349569760917518,0.5691362414092802,0.7349569760917518,Alta,Implantar curso,Implantação,True,True,True,False,Fase 2 - Prioridade Alta para Estudo de Implantação
Bragança,Letras - Língua Portuguesa,Licenciatura,EDUCACAO,False,0,0.63029087,0.7015514594170804,0.8084423435427011,0.6,0.8095238095238095,Alta,4,8,0.7349569760917518,0.5691362414092802,0.7349569760917518,Alta,Implantar curso,Implantação,True,True,True,False,Fase 2 - Prioridade Alta para Estudo de Implantação
Bragança,Pedagogia,Licenciatura,EDUCACAO,False,0,0.63029087,0.7015514594170804,0.8084423435427011,0.6,0.8095238095238095,Alta,4,8,0.7349569760917518,0.5691362414092802,0.7349569760917518,Alta,Implantar curso,Implantação,True,True,True,False,Fase 2 - Prioridade Alta para Estudo de Implantação
Bragança,Letras - Língua Inglesa,Licenciatura,EDUCACAO,False,0,0.63029087,0.7015514594170804,0.8084423435427011,0.6,0.8095238095238095,Alta,4,8,0.7349569760917518,0.5691362414092802,0.7349569760917518,Alta,Implantar curso,Implantação,True,True,True,False,Fase 2 - Prioridade Alta para Estudo de Implantação
Bragança,Engenharia Ambiental e Sanitária,Bacharelado,ENGENHARIA_TEC,False,0,0.63029087,0.7218929553670128,0.8592960834175323,0.45,0.8095238095238095,Alta,4,8,0.7237728598454394,0.5864265129667229,0.7237728598454394,Alta,Implantar curso,Implantação,True,True,True,False,Fase 2 - Prioridade Alta para Estudo de Implantação
Bragança,Física,Licenciatura,EDUCACAO,False,0,0.63029087,0.7015514594170804,0.8084423435427011,0.6,0.8095238095238095,Alta,4,8,0.7349569760917518,0.5691362414092802,0.7349569760917518,Alta,Implantar curso,Implantação,True,True,True,False,Fase 2 - Prioridade Alta para Estudo de Implantação
Bragança,Química,Licenciatura,EDUCACAO,False,0,0.63029087,0.7015514594170804,0.8084423435427011,0.6,0.8095238095238095,Alta,4,8,0.7349569760917518,0.5691362414092802,0.7349569760917518,Alta,Implantar curso,Implantação,True,True,True,False,Fase 2 - Prioridade Alta para Estudo de Implantação
Bragança,Matemática,Licenciatura,EDUCACAO,False,0,0.63029087,0.7015514594170804,0.8084423435427011,0.6,0.8095238095238095,Alta,4,8,0.7349569760917518,0.5691362414092802,0.7349569760917518,Alta,Implantar curso,Implantação,True,True,True,False,Fase 2 - Prioridade Alta para Estudo de Implantação
Bragança,Tecnologia de Alimentos,Tecnólogo,ENGENHARIA_TEC,False,0,0.63029087,0.5833687617914045,0.5129855994785112,0.45,0.8095238095238095,Alta,4,8,0.5956379807880016,0.4686809484274556,0.5956379807880016,Alta,Implantar curso,Implantação,True,True,True,False,Fase 2 - Prioridade Alta para Estudo de Implantação
Bragança,Engenharia Florestal,Bacharelado,ENGENHARIA_TEC,False,0,0.63029087,0.5833687617914045,0.5129855994785112,0.45,0.8095238095238095,Alta,4,8,0.5956379807880016,0.4686809484274556,0.5956379807880016,Alta,Implantar curso,Implantação,True,True,True,False,Fase 2 - Prioridade Alta para Estudo de Implantação
Bragança,Fonoaudiologia,Bacharelado,SAUDE,False,0,0.63029087,0.5506212467269924,0.431116811817481,0.5,0.8095238095238095,Alta,4,8,0.5753465293534203,0.4408455606227054,0.5753465293534203,Alta,Implantar curso,Implantação,True,True,True,False,Fase 2 - Prioridade Alta para Estudo de Implantação
Bragança,Educação Física (Bacharelado),Bacharelado,SAUDE,False,0,0.63029087,0.5506212467269924,0.431116811817481,0.5,0.8095238095238095,Alta,4,8,0.5753465293534203,0.4408455606227054,0.5753465293534203,Alta,Implantar curso,Implantação,True,True,True,False,Fase 2 - Prioridade Alta para Estudo de Implantação
Bragança,Terapia Ocupacional,Bacharelado,SAUDE,False,0,0.63029087,0.5506212467269924,0.431116811817481,0.5,0.8095238095238095,Alta,4,8,0.5753465293534203,0.4408455606227054,0.5753465293534203,Alta,Implantar curso,Implantação,True,True,True,False,Fase 2 - Prioridade Alta para Estudo de Implantação
Bragança,Saúde Coletiva,Bacharelado,SAUDE,False,0,0.63029087,0.5506212467269924,0.431116811817481,0.5,0.8095238095238095,Alta,4,8,0.5753465293534203,0.4408455606227054,0.5753465293534203,Alta,Implantar curso,Implantação,True,True,True,False,Fase 2 - Prioridade Alta para Estudo de Implantação
Bragança,Design,Bacharelado,GESTAO_NEGOCIOS,False,0,0.63029087,0.5833687617914045,0.5129855994785112,0.5,0.8095238095238095,Alta,4,8,0.6056379807880015,0.4686809484274556,0.6056379807880015,Alta,Implantar curso,Implantação,True,True,True,False,Fase 2 - Prioridade Alta para Estudo de Implantação
Bragança,Enfermagem,Bacharelado,SAUDE,False,0,0.63029087,0.5506212467269924,0.431116811817481,0.5,0.8095238095238095,Alta,4,8,0.5753465293534203,0.4408455606227054,0.5753465293534203,Alta,Implantar curso,Implantação,True,True,True,False,Fase 2 - Prioridade Alta para Estudo de Implantação
Bragança,Medicina,Bacharelado,SAUDE,False,0,0.63029087,0.5506212467269924,0.431116811817481,0.5,0.8095238095238095,Alta,4,8,0.5753465293534203,0.4408455606227054,0.5753465293534203,Alta,Implantar curso,Implantação,True,True,True,False,Fase 2 - Prioridade Alta para Estudo de Implantação
Bragança,Fisioterapia,Bacharelado,SAUDE,False,0,0.63029087,0.5506212467269924,0.431116811817481,0.5,0.8095238095238095,Alta,4,8,0.5753465293534203,0.4408455606227054,0.5753465293534203,Alta,Implantar curso,Implantação,True,True,True,False,Fase 2 - Prioridade Alta para Estudo de Implantação
Bragança,Biomedicina,Bacharelado,SAUDE,False,0,0.63029087,0.5506212467269924,0.431116811817481,0.5,0.8095238095238095,Alta,4,8,0.5753465293534203,0.4408455606227054,0.5753465293534203,Alta,Implantar curso,Implantação,True,True,True,False,Fase 2 - Prioridade Alta para Estudo de Implantação
Bragança,Secretariado Executivo Trilíngue,Bacharelado,GESTAO_NEGOCIOS,False,0,0.63029087,0.5833687617914045,0.5129855994785112,0.5,0.8095238095238095,Alta,4,8,0.6056379807880015,0.4686809484274556,0.6056379807880015,Alta,Implantar curso,Implantação,True,True,True,False,Fase 2 - Prioridade Alta para Estudo de Implantação
Bragança,Relações Internacionais,Bacharelado,GESTAO_NEGOCIOS,False,0,0.63029087,0.5833687617914045,0.5129855994785112,0.5,0.8095238095238095,Alta,4,8,0.6056379807880015,0.4686809484274556,0.6056379807880015,Alta,Implantar curso,Implantação,True,True,True,False,Fase 2 - Prioridade Alta para Estudo de Implantação
Bragança,Tecnologia em Comércio Exterior,Tecnólogo,GESTAO_NEGOCIOS,False,0,0.63029087,0.5833687617914045,0.5129855994785112,0.5,0.8095238095238095,Alta,4,8,0.6056379807880015,0.4686809484274556,0.6056379807880015,Alta,Implantar curso,Implantação,True,True,True,False,Fase 2 - Prioridade Alta para Estudo de Implantação
Bragança,Engenharia de Produção,Bacharelado,ENGENHARIA_TEC,False,0,0.63029087,0.5833687617914045,0.5129855994785112,0.45,0.8095238095238095,Alta,4,8,0.5956379807880016,0.4686809484274556,0.5956379807880016,Alta,Implantar curso,Implantação,True,True,True,False,Fase 2 - Prioridade Alta para Estudo de Implantação
Bragança,Engenharia de Software,Bacharelado,ENGENHARIA_TEC,False,0,0.63029087,0.5833687617914045,0.5129855994785112,0.45,0.8095238095238095,Alta,4,8,0.5956379807880016,0.4686809484274556,0.5956379807880016,Alta,Implantar curso,Implantação,True,True,True,False,Fase 2 - Prioridade Alta para Estudo de Implantação
Cametá,Filosofia,Licenciatura,EDUCACAO,False,0,0.64133931,0.7333573805888494,0.8713844864721235,0.65,0.8095238095238095,Alta,4,7,0.7702342881756381,0.5928567424052839,0.7702342881756381,Muito Alta,IMPLANTAR CURSO URGENTE,Implantação,True,True,True,False,Fase 1 - Prioridade Máxima para Estudo de Implantação
Cametá,Ciências Naturais,Licenciatura,EDUCACAO,False,0,0.64133931,0.7333573805888494,0.8713844864721235,0.65,0.8095238095238095,Alta,4,7,0.7702342881756381,0.5928567424052839,0.7702342881756381,Muito Alta,IMPLANTAR CURSO URGENTE,Implantação,True,True,True,False,Fase 1 - Prioridade Máxima para Estudo de Implantação
Cametá,Ciências da Religião,Licenciatura,EDUCACAO,False,0,0.64133931,0.7333573805888494,0.8713844864721235,0.65,0.8095238095238095,Alta,4,7,0.7702342881756381,0.5928567424052839,0.7702342881756381,Muito Alta,IMPLANTAR CURSO URGENTE,Implantação,True,True,True,False,Fase 1 - Prioridade Máxima para Estudo de Implantação
Cametá,Educação Física (Licenciatura),Licenciatura,EDUCACAO,False,0,0.64133931,0.7333573805888494,0.8713844864721235,0.65,0.8095238095238095,Alta,4,7,0.7702342881756381,0.5928567424052839,0.7702342881756381,Muito Alta,IMPLANTAR CURSO URGENTE,Implantação,True,True,True,False,Fase 1 - Prioridade Máxima para Estudo de Implantação
Cametá,Ciências Sociais,Licenciatura,EDUCACAO,False,0,0.64133931,0.7333573805888494,0.8713844864721235,0.65,0.8095238095238095,Alta,4,7,0.7702342881756381,0.5928567424052839,0.7702342881756381,Muito Alta,IMPLANTAR CURSO URGENTE,Implantação,True,True,True,False,Fase 1 - Prioridade Máxima para Estudo de Implantação
Cametá,Geografia,Licenciatura,EDUCACAO,False,0,0.64133931,0.7333573805888494,0.8713844864721235,0.65,0.8095238095238095,Alta,4,7,0.7702342881756381,0.5928567424052839,0.7702342881756381,Muito Alta,IMPLANTAR CURSO URGENTE,Implantação,True,True,True,False,Fase 1 - Prioridade Máxima para Estudo de Implantação
Cametá,Pedagogia,Licenciatura,EDUCACAO,False,0,0.64133931,0.7333573805888494,0.8713844864721235,0.65,0.8095238095238095,Alta,4,7,0.7702342881756381,0.5928567424052839,0.7702342881756381,Muito Alta,IMPLANTAR CURSO URGENTE,Implantação,True,True,True,False,Fase 1 - Prioridade Máxima para Estudo de Implantação
Cametá,Letras - Língua Inglesa,Licenciatura,EDUCACAO,False,0,0.64133931,0.7333573805888494,0.8713844864721235,0.65,0.8095238095238095,Alta,4,7,0.7702342881756381,0.5928567424052839,0.7702342881756381,Muito Alta,IMPLANTAR CURSO URGENTE,Implantação,True,True,True,False,Fase 1 - Prioridade Máxima para Estudo de Implantação
Cametá,Letras - Língua Portuguesa,Licenciatura,EDUCACAO,False,0,0.64133931,0.7333573805888494,0.8713844864721235,0.65,0.8095238095238095,Alta,4,7,0.7702342881756381,0.5928567424052839,0.7702342881756381,Muito Alta,IMPLANTAR CURSO URGENTE,Implantação,True,True,True,False,Fase 1 - Prioridade Máxima para Estudo de Implantação
Cametá,História,Licenciatura,EDUCACAO,False,0,0.64133931,0.7333573805888494,0.8713844864721235,0.65,0.8095238095238095,Alta,4,7,0.7702342881756381,0.5928567424052839,0.7702342881756381,Muito Alta,IMPLANTAR CURSO URGENTE,Implantação,True,True,True,False,Fase 1 - Prioridade Máxima para Estudo de Implantação
Cametá,Matemática,Licenciatura,EDUCACAO,False,0,0.64133931,0.7333573805888494,0.8713844864721235,0.65,0.8095238095238095,Alta,4,7,0.7702342881756381,0.5928567424052839,0.7702342881756381,Muito Alta,IMPLANTAR CURSO URGENTE,Implantação,True,True,True,False,Fase 1 - Prioridade Máxima para Estudo de Implantação
Cametá,Química,Licenciatura,EDUCACAO,False,0,0.64133931,0.7333573805888494,0.8713844864721235,0.65,0.8095238095238095,Alta,4,7,0.7702342881756381,0.5928567424052839,0.7702342881756381,Muito Alta,IMPLANTAR CURSO URGENTE,Implantação,True,True,True,False,Fase 1 - Prioridade Máxima para Estudo de Implantação
Cametá,Engenharia Florestal,Bacharelado,ENGENHARIA_TEC,False,0,0.64133931,0.5899978257914045,0.5129855994785112,0.25,0.8095238095238095,Alta,4,7,0.5576266999880015,0.4710011208274557,0.5576266999880015,Alta,Implantar curso,Implantação,True,True,True,False,Fase 2 - Prioridade Alta para Estudo de Implantação
Cametá,Engenharia Ambiental e Sanitária,Bacharelado,ENGENHARIA_TEC,False,0,0.64133931,0.6937237479273928,0.7723004048184821,0.25,0.8095238095238095,Alta,4,7,0.6535731779637908,0.5591681546430458,0.6535731779637908,Alta,Implantar curso,Implantação,True,True,True,False,Fase 2 - Prioridade Alta para Estudo de Implantação
Cametá,Fonoaudiologia,Bacharelado,SAUDE,False,0,0.64133931,0.52905920352319,0.360639043807975,0.45,0.8095238095238095,Alta,4,7,0.5412584743899032,0.4192032918994735,0.5412584743899032,Alta,Implantar curso,Implantação,True,True,True,False,Fase 2 - Prioridade Alta para Estudo de Implantação
Cametá,Saúde Coletiva,Bacharelado,SAUDE,False,0,0.64133931,0.52905920352319,0.360639043807975,0.45,0.8095238095238095,Alta,4,7,0.5412584743899032,0.4192032918994735,0.5412584743899032,Alta,Implantar curso,Implantação,True,True,True,False,Fase 2 - Prioridade Alta para Estudo de Implantação
Cametá,Terapia Ocupacional,Bacharelado,SAUDE,False,0,0.64133931,0.52905920352319,0.360639043807975,0.45,0.8095238095238095,Alta,4,7,0.5412584743899032,0.4192032918994735,0.5412584743899032,Alta,Implantar curso,Implantação,True,True,True,False,Fase 2 - Prioridade Alta para Estudo de Implantação
Cametá,Enfermagem,Bacharelado,SAUDE,False,0,0.64133931,0.52905920352319,0.360639043807975,0.45,0.8095238095238095,Alta,4,7,0.5412584743899032,0.4192032918994735,0.5412584743899032,Alta,Implantar curso,Implantação,True,True,True,False,Fase 2 - Prioridade Alta para Estudo de Implantação
Cametá,Medicina,Bacharelado,SAUDE,False,0,0.64133931,0.52905920352319,0.360639043807975,0.45,0.8095238095238095,Alta,4,7,0.5412584743899032,0.4192032918994735,0.5412584743899032,Alta,Implantar curso,Implantação,True,True,True,False,Fase 2 - Prioridade Alta para Estudo de Implantação
Cametá,Engenharia Civil,Bacharelado,ENGENHARIA_TEC,False,0,0.64133931,0.6937237479273928,0.7723004048184821,0.25,0.8095238095238095,Alta,4,7,0.6535731779637908,0.5591681546430458,0.6535731779637908,Alta,Implantar curso,Implantação,True,True,True,False,Fase 2 - Prioridade Alta para Estudo de Implantação
Cametá,Fisioterapia,Bacharelado,SAUDE,False,0,0.64133931,0.52905920352319,0.360639043807975,0.45,0.8095238095238095,Alta,4,7,0.5412584743899032,0.4192032918994735,0.5412584743899032,Alta,Implantar curso,Implantação,True,True,True,False,Fase 2 - Prioridade Alta para Estudo de Implantação
Cametá,Educação Física (Bacharelado),Bacharelado,SAUDE,False,0,0.64133931,0.52905920352319,0.360639043807975,0.45,0.8095238095238095,Alta,4,7,0.5412584743899032,0.4192032918994735,0.5412584743899032,Alta,Implantar curso,Implantação,True,True,True,False,Fase 2 - Prioridade Alta para Estudo de Implantação
Cametá,Secretariado Executivo Trilíngue,Bacharelado,GESTAO_NEGOCIOS,False,0,0.64133931,0.5899978257914045,0.5129855994785112,0.45,0.8095238095238095,Alta,4,7,0.5976266999880016,0.4710011208274557,0.5976266999880016,Alta,Implantar curso,Implantação,True,True,True,False,Fase 2 - Prioridade Alta para Estudo de Implantação
Cametá,Biomedicina,Bacharelado,SAUDE,False,0,0.64133931,0.52905920352319,0.360639043807975,0.45,0.8095238095238095,Alta,4,7,0.5412584743899032,0.4192032918994735,0.5412584743899032,Alta,Implantar curso,Implantação,True,True,True,False,Fase 2 - Prioridade Alta para Estudo de Implantação
Cametá,Relações Internacionais,Bacharelado,GESTAO_NEGOCIOS,False,0,0.64133931,0.5899978257914045,0.5129855994785112,0.45,0.8095238095238095,Alta,4,7,0.5976266999880016,0.4710011208274557,0.5976266999880016,Alta,Implantar curso,Implantação,True,True,True,False,Fase 2 - Prioridade Alta para Estudo de Implantação
Cametá,Tecnologia em Comércio Exterior,Tecnólogo,GESTAO_NEGOCIOS,False,0,0.64133931,0.5899978257914045,0.5129855994785112,0.45,0.8095238095238095,Alta,4,7,0.5976266999880016,0.4710011208274557,0.5976266999880016,Alta,Implantar curso,Implantação,True,True,True,False,Fase 2 - Prioridade Alta para Estudo de Implantação
Cametá,Design,Bacharelado,GESTAO_NEGOCIOS,False,0,0.64133931,0.5899978257914045,0.5129855994785112,0.45,0.8095238095238095,Alta,4,7,0.5976266999880016,0.4710011208274557,0.5976266999880016,Alta,Implantar curso,Implantação,True,True,True,False,Fase 2 - Prioridade Alta para Estudo de Implantação
Cametá,Engenharia de Software,Bacharelado,ENGENHARIA_TEC,False,0,0.64133931,0.5899978257914045,0.5129855994785112,0.25,0.8095238095238095,Alta,4,7,0.5576266999880015,0.4710011208274557,0.5576266999880015,Alta,Implantar curso,Implantação,True,True,True,False,Fase 2 - Prioridade Alta para Estudo de Implantação
Cametá,Engenharia de Produção,Bacharelado,ENGENHARIA_TEC,False,0,0.64133931,0.5899978257914045,0.5129855994785112,0.25,0.8095238095238095,Alta,4,7,0.5576266999880015,0.4710011208274557,0.5576266999880015,Alta,Implantar curso,Implantação,True,True,True,False,Fase 2 - Prioridade Alta para Estudo de Implantação
Castanhal,Tecnologia em Comércio Exterior,Tecnólogo,GESTAO_NEGOCIOS,False,0,0.60962168,0.5709672477914045,0.5129855994785112,0.8,0.6190476190476191,Muito Alta,8,8,0.614298478968954,0.4262451804322176,0.614298478968954,Alta,Implantar curso,Implantação,True,True,True,False,Fase 2 - Prioridade Alta para Estudo de Implantação
Castanhal,Secretariado Executivo Trilíngue,Bacharelado,GESTAO_NEGOCIOS,False,0,0.60962168,0.5709672477914045,0.5129855994785112,0.8,0.6190476190476191,Muito Alta,8,8,0.614298478968954,0.4262451804322176,0.614298478968954,Alta,Implantar curso,Implantação,True,True,True,False,Fase 2 - Prioridade Alta para Estudo de Implantação
Castanhal,Filosofia,Licenciatura,EDUCACAO,False,0,0.60962168,0.6138408195253563,0.6201695288133906,0.65,0.6190476190476191,Muito Alta,8,8,0.6239565328228593,0.4626877164060766,0.6239565328228593,Alta,Implantar curso,Implantação,True,True,True,False,Fase 2 - Prioridade Alta para Estudo de Implantação
Castanhal,Relações Internacionais,Bacharelado,GESTAO_NEGOCIOS,False,0,0.60962168,0.5709672477914045,0.5129855994785112,0.8,0.6190476190476191,Muito Alta,8,8,0.614298478968954,0.4262451804322176,0.614298478968954,Alta,Implantar curso,Implantação,True,True,True,False,Fase 2 - Prioridade Alta para Estudo de Implantação
Castanhal,Ciências Naturais,Licenciatura,EDUCACAO,False,0,0.60962168,0.6138408195253563,0.6201695288133906,0.65,0.6190476190476191,Muito Alta,8,8,0.6239565328228593,0.4626877164060766,0.6239565328228593,Alta,Implantar curso,Implantação,True,True,True,False,Fase 2 - Prioridade Alta para Estudo de Implantação
Castanhal,Química,Licenciatura,EDUCACAO,False,0,0.60962168,0.6138408195253563,0.6201695288133906,0.65,0.6190476190476191,Muito Alta,8,8,0.6239565328228593,0.4626877164060766,0.6239565328228593,Alta,Implantar curso,Implantação,True,True,True,False,Fase 2 - Prioridade Alta para Estudo de Implantação
Castanhal,Ciências da Religião,Licenciatura,EDUCACAO,False,0,0.60962168,0.6138408195253563,0.6201695288133906,0.65,0.6190476190476191,Muito Alta,8,8,0.6239565328228593,0.4626877164060766,0.6239565328228593,Alta,Implantar curso,Implantação,True,True,True,False,Fase 2 - Prioridade Alta para Estudo de Implantação
Castanhal,Letras - Língua Inglesa,Licenciatura,EDUCACAO,False,0,0.60962168,0.6138408195253563,0.6201695288133906,0.65,0.6190476190476191,Muito Alta,8,8,0.6239565328228593,0.4626877164060766,0.6239565328228593,Alta,Implantar curso,Implantação,True,True,True,False,Fase 2 - Prioridade Alta para Estudo de Implantação
Castanhal,Ciências Sociais,Licenciatura,EDUCACAO,False,0,0.60962168,0.6138408195253563,0.6201695288133906,0.65,0.6190476190476191,Muito Alta,8,8,0.6239565328228593,0.4626877164060766,0.6239565328228593,Alta,Implantar curso,Implantação,True,True,True,False,Fase 2 - Prioridade Alta para Estudo de Implantação
Castanhal,Educação Física (Licenciatura),Licenciatura,EDUCACAO,False,0,0.60962168,0.6138408195253563,0.6201695288133906,0.65,0.6190476190476191,Muito Alta,8,8,0.6239565328228593,0.4626877164060766,0.6239565328228593,Alta,Implantar curso,Implantação,True,True,True,False,Fase 2 - Prioridade Alta para Estudo de Implantação
Castanhal,Pedagogia,Licenciatura,EDUCACAO,False,0,0.60962168,0.6138408195253563,0.6201695288133906,0.65,0.6190476190476191,Muito Alta,8,8,0.6239565328228593,0.4626877164060766,0.6239565328228593,Alta,Implantar curso,Implantação,True,True,True,False,Fase 2 - Prioridade Alta para Estudo de Implantação
Castanhal,Design,Bacharelado,GESTAO_NEGOCIOS,False,0,0.60962168,0.5709672477914045,0.5129855994785112,0.8,0.6190476190476191,Muito Alta,8,8,0.614298478968954,0.4262451804322176,0.614298478968954,Alta,Implantar curso,Implantação,True,True,True,False,Fase 2 - Prioridade Alta para Estudo de Implantação
Castanhal,Ciências Biológicas,Licenciatura,EDUCACAO,False,0,0.60962168,0.6138408195253563,0.6201695288133906,0.65,0.6190476190476191,Muito Alta,8,8,0.6239565328228593,0.4626877164060766,0.6239565328228593,Alta,Implantar curso,Implantação,True,True,True,False,Fase 2 - Prioridade Alta para Estudo de Implantação
Castanhal,Matemática,Licenciatura,EDUCACAO,False,0,0.60962168,0.6138408195253563,0.6201695288133906,0.65,0.6190476190476191,Muito Alta,8,8,0.6239565328228593,0.4626877164060766,0.6239565328228593,Alta,Implantar curso,Implantação,True,True,True,False,Fase 2 - Prioridade Alta para Estudo de Implantação
Castanhal,História,Licenciatura,EDUCACAO,False,0,0.60962168,0.6138408195253563,0.6201695288133906,0.65,0.6190476190476191,Muito Alta,8,8,0.6239565328228593,0.4626877164060766,0.6239565328228593,Alta,Implantar curso,Implantação,True,True,True,False,Fase 2 - Prioridade Alta para Estudo de Implantação
Castanhal,Letras - Língua Portuguesa,Licenciatura,EDUCACAO,False,0,0.60962168,0.6138408195253563,0.6201695288133906,0.65,0.6190476190476191,Muito Alta,8,8,0.6239565328228593,0.4626877164060766,0.6239565328228593,Alta,Implantar curso,Implantação,True,True,True,False,Fase 2 - Prioridade Alta para Estudo de Implantação
Castanhal,Biomedicina,Bacharelado,SAUDE,False,0,0.60962168,0.5295084985485841,0.4093387263714601,0.6,0.6190476190476191,Muito Alta,8,8,0.535949135919345,0.3910052435758202,0.535949135919345,Alta,Implantar curso,Implantação,True,True,True,False,Fase 2 - Prioridade Alta para Estudo de Implantação
Castanhal,Terapia Ocupacional,Bacharelado,SAUDE,False,0,0.60962168,0.5295084985485841,0.4093387263714601,0.6,0.6190476190476191,Muito Alta,8,8,0.535949135919345,0.3910052435758202,0.535949135919345,Alta,Implantar curso,Implantação,True,True,True,False,Fase 2 - Prioridade Alta para Estudo de Implantação
Castanhal,Engenharia Civil,Bacharelado,ENGENHARIA_TEC,False,0,0.60962168,0.5743908275007433,0.5215445487518583,0.85,0.6190476190476191,Muito Alta,8,8,0.6274652902000923,0.4291552231851556,0.6274652902000923,Alta,Implantar curso,Implantação,True,True,True,False,Fase 2 - Prioridade Alta para Estudo de Implantação
Castanhal,Fonoaudiologia,Bacharelado,SAUDE,False,0,0.60962168,0.5295084985485841,0.4093387263714601,0.6,0.6190476190476191,Muito Alta,8,8,0.535949135919345,0.3910052435758202,0.535949135919345,Alta,Implantar curso,Implantação,True,True,True,False,Fase 2 - Prioridade Alta para Estudo de Implantação
Castanhal,Educação Física (Bacharelado),Bacharelado,SAUDE,False,0,0.60962168,0.5295084985485841,0.4093387263714601,0.6,0.6190476190476191,Muito Alta,8,8,0.535949135919345,0.3910052435758202,0.535949135919345,Alta,Implantar curso,Implantação,True,True,True,False,Fase 2 - Prioridade Alta para Estudo de Implantação
Castanhal,Medicina,Bacharelado,SAUDE,False,0,0.60962168,0.5295084985485841,0.4093387263714601,0.6,0.6190476190476191,Muito Alta,8,8,0.535949135919345,0.3910052435758202,0.535949135919345,Alta,Implantar curso,Implantação,True,True,True,False,Fase 2 - Prioridade Alta para Estudo de Implantação
Castanhal,Fisioterapia,Bacharelado,SAUDE,False,0,0.60962168,0.5295084985485841,0.4093387263714601,0.6,0.6190476190476191,Muito Alta,8,8,0.535949135919345,0.3910052435758202,0.535949135919345,Alta,Implantar curso,Implantação,True,True,True,False,Fase 2 - Prioridade Alta para Estudo de Implantação
Castanhal,Saúde Coletiva,Bacharelado,SAUDE,False,0,0.60962168,0.5295084985485841,0.4093387263714601,0.6,0.6190476190476191,Muito Alta,8,8,0.535949135919345,0.3910052435758202,0.535949135919345,Alta,Implantar curso,Implantação,True,True,True,False,Fase 2 - Prioridade Alta para Estudo de Implantação
Castanhal,Enfermagem,Bacharelado,SAUDE,False,0,0.60962168,0.5295084985485841,0.4093387263714601,0.6,0.6190476190476191,Muito Alta,8,8,0.535949135919345,0.3910052435758202,0.535949135919345,Alta,Implantar curso,Implantação,True,True,True,False,Fase 2 - Prioridade Alta para Estudo de Implantação
Igarapé-Açu,Ciências Biológicas,Licenciatura,EDUCACAO,False,0,0.43276133,0.5967668975240283,0.842775248810071,0.6,0.9523809523809524,Média,1,0,0.7478191195549644,0.5678996543716146,0.7478191195549644,Alta,Implantar curso,Implantação,True,True,True,False,Fase 2 - Prioridade Alta para Estudo de Implantação
Igarapé-Açu,Filosofia,Licenciatura,EDUCACAO,False,0,0.43276133,0.5967668975240283,0.842775248810071,0.6,0.9523809523809524,Média,1,0,0.7478191195549644,0.5678996543716146,0.7478191195549644,Alta,Implantar curso,Implantação,True,True,True,False,Fase 2 - Prioridade Alta para Estudo de Implantação
Igarapé-Açu,Pedagogia,Licenciatura,EDUCACAO,False,0,0.43276133,0.5967668975240283,0.842775248810071,0.6,0.9523809523809524,Média,1,0,0.7478191195549644,0.5678996543716146,0.7478191195549644,Alta,Implantar curso,Implantação,True,True,True,False,Fase 2 - Prioridade Alta para Estudo de Implantação
Igarapé-Açu,Geografia,Licenciatura,EDUCACAO,False,0,0.43276133,0.5967668975240283,0.842775248810071,0.6,0.9523809523809524,Média,1,0,0.7478191195549644,0.5678996543716146,0.7478191195549644,Alta,Implantar curso,Implantação,True,True,True,False,Fase 2 - Prioridade Alta para Estudo de Implantação
Igarapé-Açu,Educação Física (Licenciatura),Licenciatura,EDUCACAO,False,0,0.43276133,0.5967668975240283,0.842775248810071,0.6,0.9523809523809524,Média,1,0,0.7478191195549644,0.5678996543716146,0.7478191195549644,Alta,Implantar curso,Implantação,True,True,True,False,Fase 2 - Prioridade Alta para Estudo de Implantação
Igarapé-Açu,Letras - Língua Portuguesa,Licenciatura,EDUCACAO,False,0,0.43276133,0.5967668975240283,0.842775248810071,0.6,0.9523809523809524,Média,1,0,0.7478191195549644,0.5678996543716146,0.7478191195549644,Alta,Implantar curso,Implantação,True,True,True,False,Fase 2 - Prioridade Alta para Estudo de Implantação
Igarapé-Açu,Ciências da Religião,Licenciatura,EDUCACAO,False,0,0.43276133,0.5967668975240283,0.842775248810071,0.6,0.9523809523809524,Média,1,0,0.7478191195549644,0.5678996543716146,0.7478191195549644,Alta,Implantar curso,Implantação,True,True,True,False,Fase 2 - Prioridade Alta para Estudo de Implantação
Igarapé-Açu,Engenharia Florestal,Bacharelado,ENGENHARIA_TEC,False,0,0.43276133,0.4648510377914044,0.5129855994785112,0.55,0.9523809523809524,Média,1,0,0.6157969493022872,0.4557711735988843,0.6157969493022872,Alta,Implantar curso,Implantação,True,True,True,False,Fase 2 - Prioridade Alta para Estudo de Implantação
Igarapé-Açu,Química,Licenciatura,EDUCACAO,False,0,0.43276133,0.5967668975240283,0.842775248810071,0.6,0.9523809523809524,Média,1,0,0.7478191195549644,0.5678996543716146,0.7478191195549644,Alta,Implantar curso,Implantação,True,True,True,False,Fase 2 - Prioridade Alta para Estudo de Implantação
Igarapé-Açu,Tecnologia de Alimentos,Tecnólogo,ENGENHARIA_TEC,False,0,0.43276133,0.4648510377914044,0.5129855994785112,0.55,0.9523809523809524,Média,1,0,0.6157969493022872,0.4557711735988843,0.6157969493022872,Alta,Implantar curso,Implantação,True,True,True,False,Fase 2 - Prioridade Alta para Estudo de Implantação
Igarapé-Açu,História,Licenciatura,EDUCACAO,False,0,0.43276133,0.5967668975240283,0.842775248810071,0.6,0.9523809523809524,Média,1,0,0.7478191195549644,0.5678996543716146,0.7478191195549644,Alta,Implantar curso,Implantação,True,True,True,False,Fase 2 - Prioridade Alta para Estudo de Implantação
Igarapé-Açu,Física,Licenciatura,EDUCACAO,False,0,0.43276133,0.5967668975240283,0.842775248810071,0.6,0.9523809523809524,Média,1,0,0.7478191195549644,0.5678996543716146,0.7478191195549644,Alta,Implantar curso,Implantação,True,True,True,False,Fase 2 - Prioridade Alta para Estudo de Implantação
Igarapé-Açu,Letras - Língua Inglesa,Licenciatura,EDUCACAO,False,0,0.43276133,0.5967668975240283,0.842775248810071,0.6,0.9523809523809524,Média,1,0,0.7478191195549644,0.5678996543716146,0.7478191195549644,Alta,Implantar curso,Implantação,True,True,True,False,Fase 2 - Prioridade Alta para Estudo de Implantação
Igarapé-Açu,Fonoaudiologia,Bacharelado,SAUDE,False,0,0.43276133,0.5747863797526835,0.787823954381709,0.4,0.9523809523809524,Média,1,0,0.6874871406164704,0.5492162142659716,0.6874871406164704,Alta,Implantar curso,Implantação,True,True,True,False,Fase 2 - Prioridade Alta para Estudo de Implantação
Igarapé-Açu,Saúde Coletiva,Bacharelado,SAUDE,False,0,0.43276133,0.5747863797526835,0.787823954381709,0.4,0.9523809523809524,Média,1,0,0.6874871406164704,0.5492162142659716,0.6874871406164704,Alta,Implantar curso,Implantação,True,True,True,False,Fase 2 - Prioridade Alta para Estudo de Implantação
Igarapé-Açu,Terapia Ocupacional,Bacharelado,SAUDE,False,0,0.43276133,0.5747863797526835,0.787823954381709,0.4,0.9523809523809524,Média,1,0,0.6874871406164704,0.5492162142659716,0.6874871406164704,Alta,Implantar curso,Implantação,True,True,True,False,Fase 2 - Prioridade Alta para Estudo de Implantação
Igarapé-Açu,Biomedicina,Bacharelado,SAUDE,False,0,0.43276133,0.5747863797526835,0.787823954381709,0.4,0.9523809523809524,Média,1,0,0.6874871406164704,0.5492162142659716,0.6874871406164704,Alta,Implantar curso,Implantação,True,True,True,False,Fase 2 - Prioridade Alta para Estudo de Implantação
Igarapé-Açu,Enfermagem,Bacharelado,SAUDE,False,0,0.43276133,0.5747863797526835,0.787823954381709,0.4,0.9523809523809524,Média,1,0,0.6874871406164704,0.5492162142659716,0.6874871406164704,Alta,Implantar curso,Implantação,True,True,True,False,Fase 2 - Prioridade Alta para Estudo de Implantação
Igarapé-Açu,Medicina,Bacharelado,SAUDE,False,0,0.43276133,0.5747863797526835,0.787823954381709,0.4,0.9523809523809524,Média,1,0,0.6874871406164704,0.5492162142659716,0.6874871406164704,Alta,Implantar curso,Implantação,True,True,True,False,Fase 2 - Prioridade Alta para Estudo de Implantação
Igarapé-Açu,Fisioterapia,Bacharelado,SAUDE,False,0,0.43276133,0.5747863797526835,0.787823954381709,0.4,0.9523809523809524,Média,1,0,0.6874871406164704,0.5492162142659716,0.6874871406164704,Alta,Implantar curso,Implantação,True,True,True,False,Fase 2 - Prioridade Alta para Estudo de Implantação
Igarapé-Açu,Educação Física (Bacharelado),Bacharelado,SAUDE,False,0,0.43276133,0.5747863797526835,0.787823954381709,0.4,0.9523809523809524,Média,1,0,0.6874871406164704,0.5492162142659716,0.6874871406164704,Alta,Implantar curso,Implantação,True,True,True,False,Fase 2 - Prioridade Alta para Estudo de Implantação
Igarapé-Açu,Engenharia Ambiental e Sanitária,Bacharelado,ENGENHARIA_TEC,False,0,0.43276133,0.5136081193395864,0.634878303348966,0.55,0.9523809523809524,Média,1,0,0.6608972497343555,0.4972146929148389,0.6608972497343555,Alta,Implantar curso,Implantação,True,True,True,False,Fase 2 - Prioridade Alta para Estudo de Implantação
Igarapé-Açu,Secretariado Executivo Trilíngue,Bacharelado,GESTAO_NEGOCIOS,False,0,0.43276133,0.4648510377914044,0.5129855994785112,0.4,0.9523809523809524,Média,1,0,0.5857969493022872,0.4557711735988843,0.5857969493022872,Alta,Implantar curso,Implantação,True,True,True,False,Fase 2 - Prioridade Alta para Estudo de Implantação
Igarapé-Açu,Relações Internacionais,Bacharelado,GESTAO_NEGOCIOS,False,0,0.43276133,0.4648510377914044,0.5129855994785112,0.4,0.9523809523809524,Média,1,0,0.5857969493022872,0.4557711735988843,0.5857969493022872,Alta,Implantar curso,Implantação,True,True,True,False,Fase 2 - Prioridade Alta para Estudo de Implantação
Igarapé-Açu,Engenharia Civil,Bacharelado,ENGENHARIA_TEC,False,0,0.43276133,0.5136081193395864,0.634878303348966,0.55,0.9523809523809524,Média,1,0,0.6608972497343555,0.4972146929148389,0.6608972497343555,Alta,Implantar curso,Implantação,True,True,True,False,Fase 2 - Prioridade Alta para Estudo de Implantação
Igarapé-Açu,Engenharia de Produção,Bacharelado,ENGENHARIA_TEC,False,0,0.43276133,0.4648510377914044,0.5129855994785112,0.55,0.9523809523809524,Média,1,0,0.6157969493022872,0.4557711735988843,0.6157969493022872,Alta,Implantar curso,Implantação,True,True,True,False,Fase 2 - Prioridade Alta para Estudo de Implantação
Igarapé-Açu,Design,Bacharelado,GESTAO_NEGOCIOS,False,0,0.43276133,0.4648510377914044,0.5129855994785112,0.4,0.9523809523809524,Média,1,0,0.5857969493022872,0.4557711735988843,0.5857969493022872,Alta,Implantar curso,Implantação,True,True,True,False,Fase 2 - Prioridade Alta para Estudo de Implantação
Igarapé-Açu,Tecnologia em Comércio Exterior,Tecnólogo,GESTAO_NEGOCIOS,False,0,0.43276133,0.4648510377914044,0.5129855994785112,0.4,0.9523809523809524,Média,1,0,0.5857969493022872,0.4557711735988843,0.5857969493022872,Alta,Implantar curso,Implantação,True,True,True,False,Fase 2 - Prioridade Alta para Estudo de Implantação
Igarapé-Açu,Engenharia de Software,Bacharelado,ENGENHARIA_TEC,False,0,0.43276133,0.4648510377914044,0.5129855994785112,0.55,0.9523809523809524,Média,1,0,0.6157969493022872,0.4557711735988843,0.6157969493022872,Alta,Implantar curso,Implantação,True,True,True,False,Fase 2 - Prioridade Alta para Estudo de Implantação
Marabá,Tecnologia em Comércio Exterior,Tecnólogo,GESTAO_NEGOCIOS,False,0,0.62599458,0.5807909877914045,0.5129855994785112,0.8,0.6190476190476191,Muito Alta,8,12,0.617245600968954,0.4296834894322176,0.617245600968954,Alta,Implantar curso,Implantação,True,True,True,False,Fase 2 - Prioridade Alta para Estudo de Implantação
Marabá,Secretariado Executivo Trilíngue,Bacharelado,GESTAO_NEGOCIOS,False,0,0.62599458,0.5807909877914045,0.5129855994785112,0.8,0.6190476190476191,Muito Alta,8,12,0.617245600968954,0.4296834894322176,0.617245600968954,Alta,Implantar curso,Implantação,True,True,True,False,Fase 2 - Prioridade Alta para Estudo de Implantação
Marabá,Relações Internacionais,Bacharelado,GESTAO_NEGOCIOS,False,0,0.62599458,0.5807909877914045,0.5129855994785112,0.8,0.6190476190476191,Muito Alta,8,12,0.617245600968954,0.4296834894322176,0.617245600968954,Alta,Implantar curso,Implantação,True,True,True,False,Fase 2 - Prioridade Alta para Estudo de Implantação
Marabá,Tecnologia de Alimentos,Tecnólogo,ENGENHARIA_TEC,False,0,0.62599458,0.5807909877914045,0.5129855994785112,0.85,0.6190476190476191,Muito Alta,8,12,0.6272456009689539,0.4296834894322176,0.6272456009689539,Alta,Implantar curso,Implantação,True,True,True,False,Fase 2 - Prioridade Alta para Estudo de Implantação
Marabá,Química,Licenciatura,EDUCACAO,False,0,0.62599458,0.5531677966850728,0.4439276217126818,0.65,0.6190476190476191,Muito Alta,8,12,0.5616941491955971,0.4062037769918356,0.5616941491955971,Alta,Implantar curso,Implantação,True,True,True,False,Fase 2 - Prioridade Alta para Estudo de Implantação
Marabá,Educação Física (Licenciatura),Licenciatura,EDUCACAO,False,0,0.62599458,0.5531677966850728,0.4439276217126818,0.65,0.6190476190476191,Muito Alta,8,12,0.5616941491955971,0.4062037769918356,0.5616941491955971,Alta,Implantar curso,Implantação,True,True,True,False,Fase 2 - Prioridade Alta para Estudo de Implantação
Marabá,Fisioterapia,Bacharelado,SAUDE,False,0,0.62599458,0.5317190028511842,0.3903056371279607,0.7,0.6190476190476191,Muito Alta,8,12,0.5518540148992502,0.3879723022330304,0.5518540148992502,Alta,Implantar curso,Implantação,True,True,True,False,Fase 2 - Prioridade Alta para Estudo de Implantação
Marabá,Design,Bacharelado,GESTAO_NEGOCIOS,False,0,0.62599458,0.5807909877914045,0.5129855994785112,0.8,0.6190476190476191,Muito Alta,8,12,0.617245600968954,0.4296834894322176,0.617245600968954,Alta,Implantar curso,Implantação,True,True,True,False,Fase 2 - Prioridade Alta para Estudo de Implantação
Marabá,Filosofia,Licenciatura,EDUCACAO,False,0,0.62599458,0.5531677966850728,0.4439276217126818,0.65,0.6190476190476191,Muito Alta,8,12,0.5616941491955971,0.4062037769918356,0.5616941491955971,Alta,Implantar curso,Implantação,True,True,True,False,Fase 2 - Prioridade Alta para Estudo de Implantação
Marabá,Engenharia Civil,Bacharelado,ENGENHARIA_TEC,False,0,0.62599458,0.597998047339173,0.5560032483479325,0.85,0.6190476190476191,Muito Alta,8,12,0.6431621310506398,0.4443094900478208,0.6431621310506398,Alta,Implantar curso,Implantação,True,True,True,False,Fase 2 - Prioridade Alta para Estudo de Implantação
Marabá,Ciências Naturais,Licenciatura,EDUCACAO,False,0,0.62599458,0.5531677966850728,0.4439276217126818,0.65,0.6190476190476191,Muito Alta,8,12,0.5616941491955971,0.4062037769918356,0.5616941491955971,Alta,Implantar curso,Implantação,True,True,True,False,Fase 2 - Prioridade Alta para Estudo de Implantação
Marabá,Terapia Ocupacional,Bacharelado,SAUDE,False,0,0.62599458,0.5317190028511842,0.3903056371279607,0.7,0.6190476190476191,Muito Alta,8,12,0.5518540148992502,0.3879723022330304,0.5518540148992502,Alta,Implantar curso,Implantação,True,True,True,False,Fase 2 - Prioridade Alta para Estudo de Implantação
Marabá,Fonoaudiologia,Bacharelado,SAUDE,False,0,0.62599458,0.5317190028511842,0.3903056371279607,0.7,0.6190476190476191,Muito Alta,8,12,0.5518540148992502,0.3879723022330304,0.5518540148992502,Alta,Implantar curso,Implantação,True,True,True,False,Fase 2 - Prioridade Alta para Estudo de Implantação
Marabá,Física,Licenciatura,EDUCACAO,False,0,0.62599458,0.5531677966850728,0.4439276217126818,0.65,0.6190476190476191,Muito Alta,8,12,0.5616941491955971,0.4062037769918356,0.5616941491955971,Alta,Implantar curso,Implantação,True,True,True,False,Fase 2 - Prioridade Alta para Estudo de Implantação
Marabá,Engenharia de Software,Bacharelado,ENGENHARIA_TEC,False,0,0.62599458,0.5807909877914045,0.5129855994785112,0.85,0.6190476190476191,Muito Alta,8,12,0.6272456009689539,0.4296834894322176,0.6272456009689539,Alta,Implantar curso,Implantação,True,True,True,False,Fase 2 - Prioridade Alta para Estudo de Implantação
Marabá,Letras - Língua Inglesa,Licenciatura,EDUCACAO,False,0,0.62599458,0.5531677966850728,0.4439276217126818,0.65,0.6190476190476191,Muito Alta,8,12,0.5616941491955971,0.4062037769918356,0.5616941491955971,Alta,Implantar curso,Implantação,True,True,True,False,Fase 2 - Prioridade Alta para Estudo de Implantação
Marabá,Saúde Coletiva,Bacharelado,SAUDE,False,0,0.62599458,0.5317190028511842,0.3903056371279607,0.7,0.6190476190476191,Muito Alta,8,12,0.5518540148992502,0.3879723022330304,0.5518540148992502,Alta,Implantar curso,Implantação,True,True,True,False,Fase 2 - Prioridade Alta para Estudo de Implantação
Marabá,Ciências da Religião,Licenciatura,EDUCACAO,False,0,0.62599458,0.5531677966850728,0.4439276217126818,0.65,0.6190476190476191,Muito Alta,8,12,0.5616941491955971,0.4062037769918356,0.5616941491955971,Alta,Implantar curso,Implantação,True,True,True,False,Fase 2 - Prioridade Alta para Estudo de Implantação
Marabá,Educação Física (Bacharelado),Bacharelado,SAUDE,False,0,0.62599458,0.5317190028511842,0.3903056371279607,0.7,0.6190476190476191,Muito Alta,8,12,0.5518540148992502,0.3879723022330304,0.5518540148992502,Alta,Implantar curso,Implantação,True,True,True,False,Fase 2 - Prioridade Alta para Estudo de Implantação
Marabá,Pedagogia,Licenciatura,EDUCACAO,False,0,0.62599458,0.5531677966850728,0.4439276217126818,0.65,0.6190476190476191,Muito Alta,8,12,0.5616941491955971,0.4062037769918356,0.5616941491955971,Alta,Implantar curso,Implantação,True,True,True,False,Fase 2 - Prioridade Alta para Estudo de Implantação
Marabá,Geografia,Licenciatura,EDUCACAO,False,0,0.62599458,0.5531677966850728,0.4439276217126818,0.65,0.6190476190476191,Muito Alta,8,12,0.5616941491955971,0.4062037769918356,0.5616941491955971,Alta,Implantar curso,Implantação,True,True,True,False,Fase 2 - Prioridade Alta para Estudo de Implantação
Marabá,Enfermagem,Bacharelado,SAUDE,False,0,0.62599458,0.5317190028511842,0.3903056371279607,0.7,0.6190476190476191,Muito Alta,8,12,0.5518540148992502,0.3879723022330304,0.5518540148992502,Alta,Implantar curso,Implantação,True,True,True,False,Fase 2 - Prioridade Alta para Estudo de Implantação
Marabá,Matemática,Licenciatura,EDUCACAO,False,0,0.62599458,0.5531677966850728,0.4439276217126818,0.65,0.6190476190476191,Muito Alta,8,12,0.5616941491955971,0.4062037769918356,0.5616941491955971,Alta,Implantar curso,Implantação,True,True,True,False,Fase 2 - Prioridade Alta para Estudo de Implantação
Marabá,Ciências Sociais,Licenciatura,EDUCACAO,False,0,0.62599458,0.5531677966850728,0.4439276217126818,0.65,0.6190476190476191,Muito Alta,8,12,0.5616941491955971,0.4062037769918356,0.5616941491955971,Alta,Implantar curso,Implantação,True,True,True,False,Fase 2 - Prioridade Alta para Estudo de Implantação
Marabá,Letras - Língua Portuguesa,Licenciatura,EDUCACAO,False,0,0.62599458,0.5531677966850728,0.4439276217126818,0.65,0.6190476190476191,Muito Alta,8,12,0.5616941491955971,0.4062037769918356,0.5616941491955971,Alta,Implantar curso,Implantação,True,True,True,False,Fase 2 - Prioridade Alta para Estudo de Implantação
Marabá,História,Licenciatura,EDUCACAO,False,0,0.62599458,0.5531677966850728,0.4439276217126818,0.65,0.6190476190476191,Muito Alta,8,12,0.5616941491955971,0.4062037769918356,0.5616941491955971,Alta,Implantar curso,Implantação,True,True,True,False,Fase 2 - Prioridade Alta para Estudo de Implantação
Moju,Ciências Naturais,Licenciatura,EDUCACAO,False,0,0.56466995,0.7388019699999999,1.0,0.55,0.9523809523809524,Média,1,0,0.8197358290952381,0.6490568799761904,0.8197358290952381,Muito Alta,IMPLANTAR CURSO URGENTE,Implantação,True,True,True,False,Fase 1 - Prioridade Máxima para Estudo de Implantação
Moju,Ciências Biológicas,Licenciatura,EDUCACAO,False,0,0.56466995,0.7388019699999999,1.0,0.55,0.9523809523809524,Média,1,0,0.8197358290952381,0.6490568799761904,0.8197358290952381,Muito Alta,IMPLANTAR CURSO URGENTE,Implantação,True,True,True,False,Fase 1 - Prioridade Máxima para Estudo de Implantação
Moju,Geografia,Licenciatura,EDUCACAO,False,0,0.56466995,0.7388019699999999,1.0,0.55,0.9523809523809524,Média,1,0,0.8197358290952381,0.6490568799761904,0.8197358290952381,Muito Alta,IMPLANTAR CURSO URGENTE,Implantação,True,True,True,False,Fase 1 - Prioridade Máxima para Estudo de Implantação
Moju,Filosofia,Licenciatura,EDUCACAO,False,0,0.56466995,0.7388019699999999,1.0,0.55,0.9523809523809524,Média,1,0,0.8197358290952381,0.6490568799761904,0.8197358290952381,Muito Alta,IMPLANTAR CURSO URGENTE,Implantação,True,True,True,False,Fase 1 - Prioridade Máxima para Estudo de Implantação
Moju,Educação Física (Licenciatura),Licenciatura,EDUCACAO,False,0,0.56466995,0.7388019699999999,1.0,0.55,0.9523809523809524,Média,1,0,0.8197358290952381,0.6490568799761904,0.8197358290952381,Muito Alta,IMPLANTAR CURSO URGENTE,Implantação,True,True,True,False,Fase 1 - Prioridade Máxima para Estudo de Implantação
Moju,Ciências da Religião,Licenciatura,EDUCACAO,False,0,0.56466995,0.7388019699999999,1.0,0.55,0.9523809523809524,Média,1,0,0.8197358290952381,0.6490568799761904,0.8197358290952381,Muito Alta,IMPLANTAR CURSO URGENTE,Implantação,True,True,True,False,Fase 1 - Prioridade Máxima para Estudo de Implantação
Moju,Ciências Sociais,Licenciatura,EDUCACAO,False,0,0.56466995,0.7388019699999999,1.0,0.55,0.9523809523809524,Média,1,0,0.8197358290952381,0.6490568799761904,0.8197358290952381,Muito Alta,IMPLANTAR CURSO URGENTE,Implantação,True,True,True,False,Fase 1 - Prioridade Máxima para Estudo de Implantação
Moju,Engenharia Ambiental e Sanitária,Bacharelado,ENGENHARIA_TEC,False,0,0.56466995,0.7388019699999999,1.0,0.45,0.9523809523809524,Média,1,0,0.7997358290952381,0.6490568799761904,0.7997358290952381,Muito Alta,IMPLANTAR CURSO URGENTE,Implantação,True,True,True,False,Fase 1 - Prioridade Máxima para Estudo de Implantação
Moju,Química,Licenciatura,EDUCACAO,False,0,0.56466995,0.7388019699999999,1.0,0.55,0.9523809523809524,Média,1,0,0.8197358290952381,0.6490568799761904,0.8197358290952381,Muito Alta,IMPLANTAR CURSO URGENTE,Implantação,True,True,True,False,Fase 1 - Prioridade Máxima para Estudo de Implantação
Moju,Letras - Língua Inglesa,Licenciatura,EDUCACAO,False,0,0.56466995,0.7388019699999999,1.0,0.55,0.9523809523809524,Média,1,0,0.8197358290952381,0.6490568799761904,0.8197358290952381,Muito Alta,IMPLANTAR CURSO URGENTE,Implantação,True,True,True,False,Fase 1 - Prioridade Máxima para Estudo de Implantação
Moju,Física,Licenciatura,EDUCACAO,False,0,0.56466995,0.7388019699999999,1.0,0.55,0.9523809523809524,Média,1,0,0.8197358290952381,0.6490568799761904,0.8197358290952381,Muito Alta,IMPLANTAR CURSO URGENTE,Implantação,True,True,True,False,Fase 1 - Prioridade Máxima para Estudo de Implantação
Moju,História,Licenciatura,EDUCACAO,False,0,0.56466995,0.7388019699999999,1.0,0.55,0.9523809523809524,Média,1,0,0.8197358290952381,0.6490568799761904,0.8197358290952381,Muito Alta,IMPLANTAR CURSO URGENTE,Implantação,True,True,True,False,Fase 1 - Prioridade Máxima para Estudo de Implantação
Moju,Engenharia Florestal,Bacharelado,ENGENHARIA_TEC,False,0,0.56466995,0.5439962097914044,0.5129855994785112,0.45,0.9523809523809524,Média,1,0,0.6195405009022872,0.4834719837988842,0.6195405009022872,Alta,Implantar curso,Implantação,True,True,True,False,Fase 2 - Prioridade Alta para Estudo de Implantação
Moju,Engenharia Civil,Bacharelado,ENGENHARIA_TEC,False,0,0.56466995,0.7388019699999999,1.0,0.45,0.9523809523809524,Média,1,0,0.7997358290952381,0.6490568799761904,0.7997358290952381,Muito Alta,IMPLANTAR CURSO URGENTE,Implantação,True,True,True,False,Fase 1 - Prioridade Máxima para Estudo de Implantação
Moju,Tecnologia de Alimentos,Tecnólogo,ENGENHARIA_TEC,False,0,0.56466995,0.5439962097914044,0.5129855994785112,0.45,0.9523809523809524,Média,1,0,0.6195405009022872,0.4834719837988842,0.6195405009022872,Alta,Implantar curso,Implantação,True,True,True,False,Fase 2 - Prioridade Alta para Estudo de Implantação
Moju,Saúde Coletiva,Bacharelado,SAUDE,False,0,0.56466995,0.5277919344934965,0.4724749112337414,0.4,0.9523809523809524,Média,1,0,0.5945515462517224,0.4696983497956625,0.5945515462517224,Alta,Implantar curso,Implantação,True,True,True,False,Fase 2 - Prioridade Alta para Estudo de Implantação
Moju,Fonoaudiologia,Bacharelado,SAUDE,False,0,0.56466995,0.5277919344934965,0.4724749112337414,0.4,0.9523809523809524,Média,1,0,0.5945515462517224,0.4696983497956625,0.5945515462517224,Alta,Implantar curso,Implantação,True,True,True,False,Fase 2 - Prioridade Alta para Estudo de Implantação
Moju,Terapia Ocupacional,Bacharelado,SAUDE,False,0,0.56466995,0.5277919344934965,0.4724749112337414,0.4,0.9523809523809524,Média,1,0,0.5945515462517224,0.4696983497956625,0.5945515462517224,Alta,Implantar curso,Implantação,True,True,True,False,Fase 2 - Prioridade Alta para Estudo de Implantação
Moju,Enfermagem,Bacharelado,SAUDE,False,0,0.56466995,0.5277919344934965,0.4724749112337414,0.4,0.9523809523809524,Média,1,0,0.5945515462517224,0.4696983497956625,0.5945515462517224,Alta,Implantar curso,Implantação,True,True,True,False,Fase 2 - Prioridade Alta para Estudo de Implantação
Moju,Medicina,Bacharelado,SAUDE,False,0,0.56466995,0.5277919344934965,0.4724749112337414,0.4,0.9523809523809524,Média,1,0,0.5945515462517224,0.4696983497956625,0.5945515462517224,Alta,Implantar curso,Implantação,True,True,True,False,Fase 2 - Prioridade Alta para Estudo de Implantação
Moju,Biomedicina,Bacharelado,SAUDE,False,0,0.56466995,0.5277919344934965,0.4724749112337414,0.4,0.9523809523809524,Média,1,0,0.5945515462517224,0.4696983497956625,0.5945515462517224,Alta,Implantar curso,Implantação,True,True,True,False,Fase 2 - Prioridade Alta para Estudo de Implantação
Moju,Fisioterapia,Bacharelado,SAUDE,False,0,0.56466995,0.5277919344934965,0.4724749112337414,0.4,0.9523809523809524,Média,1,0,0.5945515462517224,0.4696983497956625,0.5945515462517224,Alta,Implantar curso,Implantação,True,True,True,False,Fase 2 - Prioridade Alta para Estudo de Implantação
Moju,Educação Física (Bacharelado),Bacharelado,SAUDE,False,0,0.56466995,0.5277919344934965,0.4724749112337414,0.4,0.9523809523809524,Média,1,0,0.5945515462517224,0.4696983497956625,0.5945515462517224,Alta,Implantar curso,Implantação,True,True,True,False,Fase 2 - Prioridade Alta para Estudo de Implantação
Moju,Secretariado Executivo Trilíngue,Bacharelado,GESTAO_NEGOCIOS,False,0,0.56466995,0.5439962097914044,0.5129855994785112,0.4,0.9523809523809524,Média,1,0,0.6095405009022872,0.4834719837988842,0.6095405009022872,Alta,Implantar curso,Implantação,True,True,True,False,Fase 2 - Prioridade Alta para Estudo de Implantação
Moju,Relações Internacionais,Bacharelado,GESTAO_NEGOCIOS,False,0,0.56466995,0.5439962097914044,0.5129855994785112,0.4,0.9523809523809524,Média,1,0,0.6095405009022872,0.4834719837988842,0.6095405009022872,Alta,Implantar curso,Implantação,True,True,True,False,Fase 2 - Prioridade Alta para Estudo de Implantação
Moju,Tecnologia em Comércio Exterior,Tecnólogo,GESTAO_NEGOCIOS,False,0,0.56466995,0.5439962097914044,0.5129855994785112,0.4,0.9523809523809524,Média,1,0,0.6095405009022872,0.4834719837988842,0.6095405009022872,Alta,Implantar curso,Implantação,True,True,True,False,Fase 2 - Prioridade Alta para Estudo de Implantação
Moju,Engenharia de Produção,Bacharelado,ENGENHARIA_TEC,False,0,0.56466995,0.5439962097914044,0.5129855994785112,0.45,0.9523809523809524,Média,1,0,0.6195405009022872,0.4834719837988842,0.6195405009022872,Alta,Implantar curso,Implantação,True,True,True,False,Fase 2 - Prioridade Alta para Estudo de Implantação
Moju,Design,Bacharelado,GESTAO_NEGOCIOS,False,0,0.56466995,0.5439962097914044,0.5129855994785112,0.4,0.9523809523809524,Média,1,0,0.6095405009022872,0.4834719837988842,0.6095405009022872,Alta,Implantar curso,Implantação,True,True,True,False,Fase 2 - Prioridade Alta para Estudo de Implantação
Moju,Engenharia de Software,Bacharelado,ENGENHARIA_TEC,False,0,0.56466995,0.5439962097914044,0.5129855994785112,0.45,0.9523809523809524,Média,1,0,0.6195405009022872,0.4834719837988842,0.6195405009022872,Alta,Implantar curso,Implantação,True,True,True,False,Fase 2 - Prioridade Alta para Estudo de Implantação
Paragominas,Tecnologia de Alimentos,Tecnólogo,ENGENHARIA_TEC,False,0,0.37561073,0.4305606777914045,0.5129855994785112,0.75,0.8095238095238095,Alta,4,3,0.6097955555880015,0.4151981190274557,0.6097955555880015,Alta,Implantar curso,Implantação,True,True,True,False,Fase 2 - Prioridade Alta para Estudo de Implantação
Paragominas,Ciências Naturais,Licenciatura,EDUCACAO,False,0,0.37561073,0.4439408688709481,0.5464360771773702,0.5,0.8095238095238095,Alta,4,3,0.5721722323365794,0.4265712814450677,0.5721722323365794,Alta,Implantar curso,Implantação,True,True,True,False,Fase 2 - Prioridade Alta para Estudo de Implantação
Paragominas,Engenharia de Produção,Bacharelado,ENGENHARIA_TEC,False,0,0.37561073,0.4305606777914045,0.5129855994785112,0.75,0.8095238095238095,Alta,4,3,0.6097955555880015,0.4151981190274557,0.6097955555880015,Alta,Implantar curso,Implantação,True,True,True,False,Fase 2 - Prioridade Alta para Estudo de Implantação
Paragominas,Tecnologia em Comércio Exterior,Tecnólogo,GESTAO_NEGOCIOS,False,0,0.37561073,0.4305606777914045,0.5129855994785112,0.65,0.8095238095238095,Alta,4,3,0.5897955555880015,0.4151981190274557,0.5897955555880015,Alta,Implantar curso,Implantação,True,True,True,False,Fase 2 - Prioridade Alta para Estudo de Implantação
Paragominas,Secretariado Executivo Trilíngue,Bacharelado,GESTAO_NEGOCIOS,False,0,0.37561073,0.4305606777914045,0.5129855994785112,0.65,0.8095238095238095,Alta,4,3,0.5897955555880015,0.4151981190274557,0.5897955555880015,Alta,Implantar curso,Implantação,True,True,True,False,Fase 2 - Prioridade Alta para Estudo de Implantação
Paragominas,Geografia,Licenciatura,EDUCACAO,False,0,0.37561073,0.4439408688709481,0.5464360771773702,0.5,0.8095238095238095,Alta,4,3,0.5721722323365794,0.4265712814450677,0.5721722323365794,Alta,Implantar curso,Implantação,True,True,True,False,Fase 2 - Prioridade Alta para Estudo de Implantação
Paragominas,Relações Internacionais,Bacharelado,GESTAO_NEGOCIOS,False,0,0.37561073,0.4305606777914045,0.5129855994785112,0.65,0.8095238095238095,Alta,4,3,0.5897955555880015,0.4151981190274557,0.5897955555880015,Alta,Implantar curso,Implantação,True,True,True,False,Fase 2 - Prioridade Alta para Estudo de Implantação
Paragominas,Química,Licenciatura,EDUCACAO,False,0,0.37561073,0.4439408688709481,0.5464360771773702,0.5,0.8095238095238095,Alta,4,3,0.5721722323365794,0.4265712814450677,0.5721722323365794,Alta,Implantar curso,Implantação,True,True,True,False,Fase 2 - Prioridade Alta para Estudo de Implantação
Paragominas,Engenharia de Software,Bacharelado,ENGENHARIA_TEC,False,0,0.37561073,0.4305606777914045,0.5129855994785112,0.75,0.8095238095238095,Alta,4,3,0.6097955555880015,0.4151981190274557,0.6097955555880015,Alta,Implantar curso,Implantação,True,True,True,False,Fase 2 - Prioridade Alta para Estudo de Implantação
Paragominas,Educação Física (Licenciatura),Licenciatura,EDUCACAO,False,0,0.37561073,0.4439408688709481,0.5464360771773702,0.5,0.8095238095238095,Alta,4,3,0.5721722323365794,0.4265712814450677,0.5721722323365794,Alta,Implantar curso,Implantação,True,True,True,False,Fase 2 - Prioridade Alta para Estudo de Implantação
Paragominas,Filosofia,Licenciatura,EDUCACAO,False,0,0.37561073,0.4439408688709481,0.5464360771773702,0.5,0.8095238095238095,Alta,4,3,0.5721722323365794,0.4265712814450677,0.5721722323365794,Alta,Implantar curso,Implantação,True,True,True,False,Fase 2 - Prioridade Alta para Estudo de Implantação
Paragominas,Pedagogia,Licenciatura,EDUCACAO,False,0,0.37561073,0.4439408688709481,0.5464360771773702,0.5,0.8095238095238095,Alta,4,3,0.5721722323365794,0.4265712814450677,0.5721722323365794,Alta,Implantar curso,Implantação,True,True,True,False,Fase 2 - Prioridade Alta para Estudo de Implantação
Paragominas,Biomedicina,Bacharelado,SAUDE,False,0,0.37561073,0.3903553698740042,0.4124723296850105,0.5,0.8095238095238095,Alta,4,3,0.5226056457644064,0.3810236072976655,0.5226056457644064,Alta,Implantar curso,Implantação,True,True,True,False,Fase 2 - Prioridade Alta para Estudo de Implantação
Paragominas,Saúde Coletiva,Bacharelado,SAUDE,False,0,0.37561073,0.3903553698740042,0.4124723296850105,0.5,0.8095238095238095,Alta,4,3,0.5226056457644064,0.3810236072976655,0.5226056457644064,Alta,Implantar curso,Implantação,True,True,True,False,Fase 2 - Prioridade Alta para Estudo de Implantação
Paragominas,Física,Licenciatura,EDUCACAO,False,0,0.37561073,0.4439408688709481,0.5464360771773702,0.5,0.8095238095238095,Alta,4,3,0.5721722323365794,0.4265712814450677,0.5721722323365794,Alta,Implantar curso,Implantação,True,True,True,False,Fase 2 - Prioridade Alta para Estudo de Implantação
Paragominas,Matemática,Licenciatura,EDUCACAO,False,0,0.37561073,0.4439408688709481,0.5464360771773702,0.5,0.8095238095238095,Alta,4,3,0.5721722323365794,0.4265712814450677,0.5721722323365794,Alta,Implantar curso,Implantação,True,True,True,False,Fase 2 - Prioridade Alta para Estudo de Implantação
Paragominas,Ciências Sociais,Licenciatura,EDUCACAO,False,0,0.37561073,0.4439408688709481,0.5464360771773702,0.5,0.8095238095238095,Alta,4,3,0.5721722323365794,0.4265712814450677,0.5721722323365794,Alta,Implantar curso,Implantação,True,True,True,False,Fase 2 - Prioridade Alta para Estudo de Implantação
Paragominas,Letras - Língua Inglesa,Licenciatura,EDUCACAO,False,0,0.37561073,0.4439408688709481,0.5464360771773702,0.5,0.8095238095238095,Alta,4,3,0.5721722323365794,0.4265712814450677,0.5721722323365794,Alta,Implantar curso,Implantação,True,True,True,False,Fase 2 - Prioridade Alta para Estudo de Implantação
Paragominas,Fisioterapia,Bacharelado,SAUDE,False,0,0.37561073,0.3903553698740042,0.4124723296850105,0.5,0.8095238095238095,Alta,4,3,0.5226056457644064,0.3810236072976655,0.5226056457644064,Alta,Implantar curso,Implantação,True,True,True,False,Fase 2 - Prioridade Alta para Estudo de Implantação
Paragominas,Letras - Língua Portuguesa,Licenciatura,EDUCACAO,False,0,0.37561073,0.4439408688709481,0.5464360771773702,0.5,0.8095238095238095,Alta,4,3,0.5721722323365794,0.4265712814450677,0.5721722323365794,Alta,Implantar curso,Implantação,True,True,True,False,Fase 2 - Prioridade Alta para Estudo de Implantação
Paragominas,Ciências da Religião,Licenciatura,EDUCACAO,False,0,0.37561073,0.4439408688709481,0.5464360771773702,0.5,0.8095238095238095,Alta,4,3,0.5721722323365794,0.4265712814450677,0.5721722323365794,Alta,Implantar curso,Implantação,True,True,True,False,Fase 2 - Prioridade Alta para Estudo de Implantação
Paragominas,Terapia Ocupacional,Bacharelado,SAUDE,False,0,0.37561073,0.3903553698740042,0.4124723296850105,0.5,0.8095238095238095,Alta,4,3,0.5226056457644064,0.3810236072976655,0.5226056457644064,Alta,Implantar curso,Implantação,True,True,True,False,Fase 2 - Prioridade Alta para Estudo de Implantação
Paragominas,Enfermagem,Bacharelado,SAUDE,False,0,0.37561073,0.3903553698740042,0.4124723296850105,0.5,0.8095238095238095,Alta,4,3,0.5226056457644064,0.3810236072976655,0.5226056457644064,Alta,Implantar curso,Implantação,True,True,True,False,Fase 2 - Prioridade Alta para Estudo de Implantação
Paragominas,Fonoaudiologia,Bacharelado,SAUDE,False,0,0.37561073,0.3903553698740042,0.4124723296850105,0.5,0.8095238095238095,Alta,4,3,0.5226056457644064,0.3810236072976655,0.5226056457644064,Alta,Implantar curso,Implantação,True,True,True,False,Fase 2 - Prioridade Alta para Estudo de Implantação
Paragominas,Medicina,Bacharelado,SAUDE,False,0,0.37561073,0.3903553698740042,0.4124723296850105,0.5,0.8095238095238095,Alta,4,3,0.5226056457644064,0.3810236072976655,0.5226056457644064,Alta,Implantar curso,Implantação,True,True,True,False,Fase 2 - Prioridade Alta para Estudo de Implantação
Paragominas,História,Licenciatura,EDUCACAO,False,0,0.37561073,0.4439408688709481,0.5464360771773702,0.5,0.8095238095238095,Alta,4,3,0.5721722323365794,0.4265712814450677,0.5721722323365794,Alta,Implantar curso,Implantação,True,True,True,False,Fase 2 - Prioridade Alta para Estudo de Implantação
Paragominas,Educação Física (Bacharelado),Bacharelado,SAUDE,False,0,0.37561073,0.3903553698740042,0.4124723296850105,0.5,0.8095238095238095,Alta,4,3,0.5226056457644064,0.3810236072976655,0.5226056457644064,Alta,Implantar curso,Implantação,True,True,True,False,Fase 2 - Prioridade Alta para Estudo de Implantação
Paragominas,Engenharia Civil,Bacharelado,ENGENHARIA_TEC,False,0,0.37561073,0.3293716746390772,0.2600130915976929,0.75,0.8095238095238095,Alta,4,3,0.5161957276720988,0.3291874663479774,0.5161957276720988,Alta,Implantar curso,Implantação,True,True,True,False,Fase 2 - Prioridade Alta para Estudo de Implantação
Parauapebas,Tecnologia em Comércio Exterior,Tecnólogo,GESTAO_NEGOCIOS,False,0,0.57037398,0.5474186277914044,0.5129855994785112,0.75,0.7142857142857143,Muito Alta,6,4,0.6210434167784777,0.4370507824798366,0.6210434167784777,Alta,Implantar curso,Implantação,True,True,True,False,Fase 2 - Prioridade Alta para Estudo de Implantação
Parauapebas,Engenharia de Produção,Bacharelado,ENGENHARIA_TEC,False,0,0.57037398,0.5474186277914044,0.5129855994785112,0.7,0.7142857142857143,Muito Alta,6,4,0.6110434167784777,0.4370507824798366,0.6110434167784777,Alta,Implantar curso,Implantação,True,True,True,False,Fase 2 - Prioridade Alta para Estudo de Implantação
Parauapebas,Secretariado Executivo Trilíngue,Bacharelado,GESTAO_NEGOCIOS,False,0,0.57037398,0.5474186277914044,0.5129855994785112,0.75,0.7142857142857143,Muito Alta,6,4,0.6210434167784777,0.4370507824798366,0.6210434167784777,Alta,Implantar curso,Implantação,True,True,True,False,Fase 2 - Prioridade Alta para Estudo de Implantação
Parauapebas,Relações Internacionais,Bacharelado,GESTAO_NEGOCIOS,False,0,0.57037398,0.5474186277914044,0.5129855994785112,0.75,0.7142857142857143,Muito Alta,6,4,0.6210434167784777,0.4370507824798366,0.6210434167784777,Alta,Implantar curso,Implantação,True,True,True,False,Fase 2 - Prioridade Alta para Estudo de Implantação
Parauapebas,Engenharia Ambiental e Sanitária,Bacharelado,ENGENHARIA_TEC,False,0,0.57037398,0.4461346484332473,0.2597756510831183,0.7,0.7142857142857143,Muito Alta,6,4,0.5173557358721823,0.3509594000254031,0.5173557358721823,Alta,Implantar curso,Implantação,True,True,True,False,Fase 2 - Prioridade Alta para Estudo de Implantação
Parauapebas,Design,Bacharelado,GESTAO_NEGOCIOS,False,0,0.57037398,0.5474186277914044,0.5129855994785112,0.75,0.7142857142857143,Muito Alta,6,4,0.6210434167784777,0.4370507824798366,0.6210434167784777,Alta,Implantar curso,Implantação,True,True,True,False,Fase 2 - Prioridade Alta para Estudo de Implantação
Parauapebas,Química,Licenciatura,EDUCACAO,False,0,0.57037398,0.4699116746050441,0.3192182165126104,0.55,0.7142857142857143,Muito Alta,6,4,0.5093494850810945,0.3711698722714304,0.5093494850810945,Alta,Implantar curso,Implantação,True,True,True,False,Fase 2 - Prioridade Alta para Estudo de Implantação
Parauapebas,Biomedicina,Bacharelado,SAUDE,False,0,0.57037398,0.5059335562315035,0.409272920578759,0.6,0.7142857142857143,Muito Alta,6,4,0.5526697255855694,0.4017884716539209,0.5526697255855694,Alta,Implantar curso,Implantação,True,True,True,False,Fase 2 - Prioridade Alta para Estudo de Implantação
Parauapebas,Engenharia Florestal,Bacharelado,ENGENHARIA_TEC,False,0,0.57037398,0.5474186277914044,0.5129855994785112,0.7,0.7142857142857143,Muito Alta,6,4,0.6110434167784777,0.4370507824798366,0.6110434167784777,Alta,Implantar curso,Implantação,True,True,True,False,Fase 2 - Prioridade Alta para Estudo de Implantação
Parauapebas,Saúde Coletiva,Bacharelado,SAUDE,False,0,0.57037398,0.5059335562315035,0.409272920578759,0.6,0.7142857142857143,Muito Alta,6,4,0.5526697255855694,0.4017884716539209,0.5526697255855694,Alta,Implantar curso,Implantação,True,True,True,False,Fase 2 - Prioridade Alta para Estudo de Implantação
Parauapebas,Terapia Ocupacional,Bacharelado,SAUDE,False,0,0.57037398,0.5059335562315035,0.409272920578759,0.6,0.7142857142857143,Muito Alta,6,4,0.5526697255855694,0.4017884716539209,0.5526697255855694,Alta,Implantar curso,Implantação,True,True,True,False,Fase 2 - Prioridade Alta para Estudo de Implantação
Parauapebas,Engenharia Civil,Bacharelado,ENGENHARIA_TEC,False,0,0.57037398,0.4461346484332473,0.2597756510831183,0.7,0.7142857142857143,Muito Alta,6,4,0.5173557358721823,0.3509594000254031,0.5173557358721823,Alta,Implantar curso,Implantação,True,True,True,False,Fase 2 - Prioridade Alta para Estudo de Implantação
Parauapebas,Medicina,Bacharelado,SAUDE,False,0,0.57037398,0.5059335562315035,0.409272920578759,0.6,0.7142857142857143,Muito Alta,6,4,0.5526697255855694,0.4017884716539209,0.5526697255855694,Alta,Implantar curso,Implantação,True,True,True,False,Fase 2 - Prioridade Alta para Estudo de Implantação
Parauapebas,Educação Física (Bacharelado),Bacharelado,SAUDE,False,0,0.57037398,0.5059335562315035,0.409272920578759,0.6,0.7142857142857143,Muito Alta,6,4,0.5526697255855694,0.4017884716539209,0.5526697255855694,Alta,Implantar curso,Implantação,True,True,True,False,Fase 2 - Prioridade Alta para Estudo de Implantação
Parauapebas,Fonoaudiologia,Bacharelado,SAUDE,False,0,0.57037398,0.5059335562315035,0.409272920578759,0.6,0.7142857142857143,Muito Alta,6,4,0.5526697255855694,0.4017884716539209,0.5526697255855694,Alta,Implantar curso,Implantação,True,True,True,False,Fase 2 - Prioridade Alta para Estudo de Implantação
Parauapebas,Tecnologia de Alimentos,Tecnólogo,ENGENHARIA_TEC,False,0,0.57037398,0.5474186277914044,0.5129855994785112,0.7,0.7142857142857143,Muito Alta,6,4,0.6110434167784777,0.4370507824798366,0.6110434167784777,Alta,Implantar curso,Implantação,True,True,True,False,Fase 2 - Prioridade Alta para Estudo de Implantação
Parauapebas,Geografia,Licenciatura,EDUCACAO,False,0,0.57037398,0.4699116746050441,0.3192182165126104,0.55,0.7142857142857143,Muito Alta,6,4,0.5093494850810945,0.3711698722714304,0.5093494850810945,Alta,Implantar curso,Implantação,True,True,True,False,Fase 2 - Prioridade Alta para Estudo de Implantação
Parauapebas,Ciências Biológicas,Licenciatura,EDUCACAO,False,0,0.57037398,0.4699116746050441,0.3192182165126104,0.55,0.7142857142857143,Muito Alta,6,4,0.5093494850810945,0.3711698722714304,0.5093494850810945,Alta,Implantar curso,Implantação,True,True,True,False,Fase 2 - Prioridade Alta para Estudo de Implantação
Parauapebas,Ciências Naturais,Licenciatura,EDUCACAO,False,0,0.57037398,0.4699116746050441,0.3192182165126104,0.55,0.7142857142857143,Muito Alta,6,4,0.5093494850810945,0.3711698722714304,0.5093494850810945,Alta,Implantar curso,Implantação,True,True,True,False,Fase 2 - Prioridade Alta para Estudo de Implantação
Parauapebas,Enfermagem,Bacharelado,SAUDE,False,0,0.57037398,0.5059335562315035,0.409272920578759,0.6,0.7142857142857143,Muito Alta,6,4,0.5526697255855694,0.4017884716539209,0.5526697255855694,Alta,Implantar curso,Implantação,True,True,True,False,Fase 2 - Prioridade Alta para Estudo de Implantação
Parauapebas,Educação Física (Licenciatura),Licenciatura,EDUCACAO,False,0,0.57037398,0.4699116746050441,0.3192182165126104,0.55,0.7142857142857143,Muito Alta,6,4,0.5093494850810945,0.3711698722714304,0.5093494850810945,Alta,Implantar curso,Implantação,True,True,True,False,Fase 2 - Prioridade Alta para Estudo de Implantação
Parauapebas,Pedagogia,Licenciatura,EDUCACAO,False,0,0.57037398,0.4699116746050441,0.3192182165126104,0.55,0.7142857142857143,Muito Alta,6,4,0.5093494850810945,0.3711698722714304,0.5093494850810945,Alta,Implantar curso,Implantação,True,True,True,False,Fase 2 - Prioridade Alta para Estudo de Implantação
Parauapebas,Filosofia,Licenciatura,EDUCACAO,False,0,0.57037398,0.4699116746050441,0.3192182165126104,0.55,0.7142857142857143,Muito Alta,6,4,0.5093494850810945,0.3711698722714304,0.5093494850810945,Alta,Implantar curso,Implantação,True,True,True,False,Fase 2 - Prioridade Alta para Estudo de Implantação
Parauapebas,Matemática,Licenciatura,EDUCACAO,False,0,0.57037398,0.4699116746050441,0.3192182165126104,0.55,0.7142857142857143,Muito Alta,6,4,0.5093494850810945,0.3711698722714304,0.5093494850810945,Alta,Implantar curso,Implantação,True,True,True,False,Fase 2 - Prioridade Alta para Estudo de Implantação
Parauapebas,Física,Licenciatura,EDUCACAO,False,0,0.57037398,0.4699116746050441,0.3192182165126104,0.55,0.7142857142857143,Muito Alta,6,4,0.5093494850810945,0.3711698722714304,0.5093494850810945,Alta,Implantar curso,Implantação,True,True,True,False,Fase 2 - Prioridade Alta para Estudo de Implantação
Parauapebas,Ciências Sociais,Licenciatura,EDUCACAO,False,0,0.57037398,0.4699116746050441,0.3192182165126104,0.55,0.7142857142857143,Muito Alta,6,4,0.5093494850810945,0.3711698722714304,0.5093494850810945,Alta,Implantar curso,Implantação,True,True,True,False,Fase 2 - Prioridade Alta para Estudo de Implantação
Parauapebas,Letras - Língua Inglesa,Licenciatura,EDUCACAO,False,0,0.57037398,0.4699116746050441,0.3192182165126104,0.55,0.7142857142857143,Muito Alta,6,4,0.5093494850810945,0.3711698722714304,0.5093494850810945,Alta,Implantar curso,Implantação,True,True,True,False,Fase 2 - Prioridade Alta para Estudo de Implantação
Parauapebas,Letras - Língua Portuguesa,Licenciatura,EDUCACAO,False,0,0.57037398,0.4699116746050441,0.3192182165126104,0.55,0.7142857142857143,Muito Alta,6,4,0.5093494850810945,0.3711698722714304,0.5093494850810945,Alta,Implantar curso,Implantação,True,True,True,False,Fase 2 - Prioridade Alta para Estudo de Implantação
Parauapebas,Ciências da Religião,Licenciatura,EDUCACAO,False,0,0.57037398,0.4699116746050441,0.3192182165126104,0.55,0.7142857142857143,Muito Alta,6,4,0.5093494850810945,0.3711698722714304,0.5093494850810945,Alta,Implantar curso,Implantação,True,True,True,False,Fase 2 - Prioridade Alta para Estudo de Implantação
Parauapebas,História,Licenciatura,EDUCACAO,False,0,0.57037398,0.4699116746050441,0.3192182165126104,0.55,0.7142857142857143,Muito Alta,6,4,0.5093494850810945,0.3711698722714304,0.5093494850810945,Alta,Implantar curso,Implantação,True,True,True,False,Fase 2 - Prioridade Alta para Estudo de Implantação
Redenção,Fisioterapia,Bacharelado,SAUDE,False,0,0.3307268,0.5164138973330714,0.7949445433326786,0.7,0.8571428571428572,Alta,3,3,0.7079460193188054,0.5111623441616822,0.7079460193188054,Alta,Implantar curso,Implantação,True,True,True,False,Fase 2 - Prioridade Alta para Estudo de Implantação
Redenção,Terapia Ocupacional,Bacharelado,SAUDE,False,0,0.3307268,0.5164138973330714,0.7949445433326786,0.7,0.8571428571428572,Alta,3,3,0.7079460193188054,0.5111623441616822,0.7079460193188054,Alta,Implantar curso,Implantação,True,True,True,False,Fase 2 - Prioridade Alta para Estudo de Implantação
Redenção,Fonoaudiologia,Bacharelado,SAUDE,False,0,0.3307268,0.5164138973330714,0.7949445433326786,0.7,0.8571428571428572,Alta,3,3,0.7079460193188054,0.5111623441616822,0.7079460193188054,Alta,Implantar curso,Implantação,True,True,True,False,Fase 2 - Prioridade Alta para Estudo de Implantação
Redenção,Biomedicina,Bacharelado,SAUDE,False,0,0.3307268,0.5164138973330714,0.7949445433326786,0.7,0.8571428571428572,Alta,3,3,0.7079460193188054,0.5111623441616822,0.7079460193188054,Alta,Implantar curso,Implantação,True,True,True,False,Fase 2 - Prioridade Alta para Estudo de Implantação
Redenção,Educação Física (Bacharelado),Bacharelado,SAUDE,False,0,0.3307268,0.5164138973330714,0.7949445433326786,0.7,0.8571428571428572,Alta,3,3,0.7079460193188054,0.5111623441616822,0.7079460193188054,Alta,Implantar curso,Implantação,True,True,True,False,Fase 2 - Prioridade Alta para Estudo de Implantação
Redenção,Saúde Coletiva,Bacharelado,SAUDE,False,0,0.3307268,0.5164138973330714,0.7949445433326786,0.7,0.8571428571428572,Alta,3,3,0.7079460193188054,0.5111623441616822,0.7079460193188054,Alta,Implantar curso,Implantação,True,True,True,False,Fase 2 - Prioridade Alta para Estudo de Implantação
Redenção,Educação Física (Licenciatura),Licenciatura,EDUCACAO,False,0,0.3307268,0.4888881611789861,0.7261302029474654,0.55,0.8571428571428572,Alta,3,3,0.6524847133762764,0.4877654684307096,0.6524847133762764,Alta,Implantar curso,Implantação,True,True,True,False,Fase 2 - Prioridade Alta para Estudo de Implantação
Redenção,Enfermagem,Bacharelado,SAUDE,False,0,0.3307268,0.5164138973330714,0.7949445433326786,0.7,0.8571428571428572,Alta,3,3,0.7079460193188054,0.5111623441616822,0.7079460193188054,Alta,Implantar curso,Implantação,True,True,True,False,Fase 2 - Prioridade Alta para Estudo de Implantação
Redenção,Medicina,Bacharelado,SAUDE,False,0,0.3307268,0.5164138973330714,0.7949445433326786,0.7,0.8571428571428572,Alta,3,3,0.7079460193188054,0.5111623441616822,0.7079460193188054,Alta,Implantar curso,Implantação,True,True,True,False,Fase 2 - Prioridade Alta para Estudo de Implantação
Redenção,Ciências Biológicas,Licenciatura,EDUCACAO,False,0,0.3307268,0.4888881611789861,0.7261302029474654,0.55,0.8571428571428572,Alta,3,3,0.6524847133762764,0.4877654684307096,0.6524847133762764,Alta,Implantar curso,Implantação,True,True,True,False,Fase 2 - Prioridade Alta para Estudo de Implantação
Redenção,Ciências Naturais,Licenciatura,EDUCACAO,False,0,0.3307268,0.4888881611789861,0.7261302029474654,0.55,0.8571428571428572,Alta,3,3,0.6524847133762764,0.4877654684307096,0.6524847133762764,Alta,Implantar curso,Implantação,True,True,True,False,Fase 2 - Prioridade Alta para Estudo de Implantação
Redenção,Filosofia,Licenciatura,EDUCACAO,False,0,0.3307268,0.4888881611789861,0.7261302029474654,0.55,0.8571428571428572,Alta,3,3,0.6524847133762764,0.4877654684307096,0.6524847133762764,Alta,Implantar curso,Implantação,True,True,True,False,Fase 2 - Prioridade Alta para Estudo de Implantação
Redenção,Geografia,Licenciatura,EDUCACAO,False,0,0.3307268,0.4888881611789861,0.7261302029474654,0.55,0.8571428571428572,Alta,3,3,0.6524847133762764,0.4877654684307096,0.6524847133762764,Alta,Implantar curso,Implantação,True,True,True,False,Fase 2 - Prioridade Alta para Estudo de Implantação
Redenção,Letras - Língua Portuguesa,Licenciatura,EDUCACAO,False,0,0.3307268,0.4888881611789861,0.7261302029474654,0.55,0.8571428571428572,Alta,3,3,0.6524847133762764,0.4877654684307096,0.6524847133762764,Alta,Implantar curso,Implantação,True,True,True,False,Fase 2 - Prioridade Alta para Estudo de Implantação
Redenção,Ciências Sociais,Licenciatura,EDUCACAO,False,0,0.3307268,0.4888881611789861,0.7261302029474654,0.55,0.8571428571428572,Alta,3,3,0.6524847133762764,0.4877654684307096,0.6524847133762764,Alta,Implantar curso,Implantação,True,True,True,False,Fase 2 - Prioridade Alta para Estudo de Implantação
Redenção,Ciências da Religião,Licenciatura,EDUCACAO,False,0,0.3307268,0.4888881611789861,0.7261302029474654,0.55,0.8571428571428572,Alta,3,3,0.6524847133762764,0.4877654684307096,0.6524847133762764,Alta,Implantar curso,Implantação,True,True,True,False,Fase 2 - Prioridade Alta para Estudo de Implantação
Redenção,Engenharia Florestal,Bacharelado,ENGENHARIA_TEC,False,0,0.3307268,0.4036303197914045,0.5129855994785112,0.4,0.8571428571428572,Alta,3,3,0.5436212100927634,0.4152963032512652,0.5436212100927634,Alta,Implantar curso,Implantação,True,True,True,False,Fase 2 - Prioridade Alta para Estudo de Implantação
Redenção,Matemática,Licenciatura,EDUCACAO,False,0,0.3307268,0.4888881611789861,0.7261302029474654,0.55,0.8571428571428572,Alta,3,3,0.6524847133762764,0.4877654684307096,0.6524847133762764,Alta,Implantar curso,Implantação,True,True,True,False,Fase 2 - Prioridade Alta para Estudo de Implantação
Redenção,Letras - Língua Inglesa,Licenciatura,EDUCACAO,False,0,0.3307268,0.4888881611789861,0.7261302029474654,0.55,0.8571428571428572,Alta,3,3,0.6524847133762764,0.4877654684307096,0.6524847133762764,Alta,Implantar curso,Implantação,True,True,True,False,Fase 2 - Prioridade Alta para Estudo de Implantação
Redenção,Química,Licenciatura,EDUCACAO,False,0,0.3307268,0.4888881611789861,0.7261302029474654,0.55,0.8571428571428572,Alta,3,3,0.6524847133762764,0.4877654684307096,0.6524847133762764,Alta,Implantar curso,Implantação,True,True,True,False,Fase 2 - Prioridade Alta para Estudo de Implantação
Redenção,Pedagogia,Licenciatura,EDUCACAO,False,0,0.3307268,0.4888881611789861,0.7261302029474654,0.55,0.8571428571428572,Alta,3,3,0.6524847133762764,0.4877654684307096,0.6524847133762764,Alta,Implantar curso,Implantação,True,True,True,False,Fase 2 - Prioridade Alta para Estudo de Implantação
Redenção,Secretariado Executivo Trilíngue,Bacharelado,GESTAO_NEGOCIOS,False,0,0.3307268,0.4036303197914045,0.5129855994785112,0.7,0.8571428571428572,Alta,3,3,0.6036212100927634,0.4152963032512652,0.6036212100927634,Alta,Implantar curso,Implantação,True,True,True,False,Fase 2 - Prioridade Alta para Estudo de Implantação
Redenção,História,Licenciatura,EDUCACAO,False,0,0.3307268,0.4888881611789861,0.7261302029474654,0.55,0.8571428571428572,Alta,3,3,0.6524847133762764,0.4877654684307096,0.6524847133762764,Alta,Implantar curso,Implantação,True,True,True,False,Fase 2 - Prioridade Alta para Estudo de Implantação
Redenção,Física,Licenciatura,EDUCACAO,False,0,0.3307268,0.4888881611789861,0.7261302029474654,0.55,0.8571428571428572,Alta,3,3,0.6524847133762764,0.4877654684307096,0.6524847133762764,Alta,Implantar curso,Implantação,True,True,True,False,Fase 2 - Prioridade Alta para Estudo de Implantação
Redenção,Tecnologia em Comércio Exterior,Tecnólogo,GESTAO_NEGOCIOS,False,0,0.3307268,0.4036303197914045,0.5129855994785112,0.7,0.8571428571428572,Alta,3,3,0.6036212100927634,0.4152963032512652,0.6036212100927634,Alta,Implantar curso,Implantação,True,True,True,False,Fase 2 - Prioridade Alta para Estudo de Implantação
Redenção,Tecnologia de Alimentos,Tecnólogo,ENGENHARIA_TEC,False,0,0.3307268,0.4036303197914045,0.5129855994785112,0.4,0.8571428571428572,Alta,3,3,0.5436212100927634,0.4152963032512652,0.5436212100927634,Alta,Implantar curso,Implantação,True,True,True,False,Fase 2 - Prioridade Alta para Estudo de Implantação
Redenção,Relações Internacionais,Bacharelado,GESTAO_NEGOCIOS,False,0,0.3307268,0.4036303197914045,0.5129855994785112,0.7,0.8571428571428572,Alta,3,3,0.6036212100927634,0.4152963032512652,0.6036212100927634,Alta,Implantar curso,Implantação,True,True,True,False,Fase 2 - Prioridade Alta para Estudo de Implantação
Redenção,Engenharia Ambiental e Sanitária,Bacharelado,ENGENHARIA_TEC,False,0,0.3307268,0.4016707722557837,0.5080867306394593,0.4,0.8571428571428572,Alta,3,3,0.5418086286223143,0.4136306878459876,0.5418086286223143,Alta,Implantar curso,Implantação,True,True,True,False,Fase 2 - Prioridade Alta para Estudo de Implantação
Redenção,Engenharia Civil,Bacharelado,ENGENHARIA_TEC,False,0,0.3307268,0.4016707722557837,0.5080867306394593,0.4,0.8571428571428572,Alta,3,3,0.5418086286223143,0.4136306878459876,0.5418086286223143,Alta,Implantar curso,Implantação,True,True,True,False,Fase 2 - Prioridade Alta para Estudo de Implantação
Redenção,Design,Bacharelado,GESTAO_NEGOCIOS,False,0,0.3307268,0.4036303197914045,0.5129855994785112,0.7,0.8571428571428572,Alta,3,3,0.6036212100927634,0.4152963032512652,0.6036212100927634,Alta,Implantar curso,Implantação,True,True,True,False,Fase 2 - Prioridade Alta para Estudo de Implantação
Salvaterra,Ciências Naturais,Licenciatura,EDUCACAO,False,0,0.4479191,0.6094859751475055,0.8518362878687638,0.6,0.9523809523809524,Média,1,0,0.7539001026066807,0.5741635393515702,0.7539001026066807,Muito Alta,IMPLANTAR CURSO URGENTE,Implantação,True,True,True,False,Fase 1 - Prioridade Máxima para Estudo de Implantação
Salvaterra,História,Licenciatura,EDUCACAO,False,0,0.4479191,0.6094859751475055,0.8518362878687638,0.6,0.9523809523809524,Média,1,0,0.7539001026066807,0.5741635393515702,0.7539001026066807,Muito Alta,IMPLANTAR CURSO URGENTE,Implantação,True,True,True,False,Fase 1 - Prioridade Máxima para Estudo de Implantação
Salvaterra,Ciências Biológicas,Licenciatura,EDUCACAO,False,0,0.4479191,0.6094859751475055,0.8518362878687638,0.6,0.9523809523809524,Média,1,0,0.7539001026066807,0.5741635393515702,0.7539001026066807,Muito Alta,IMPLANTAR CURSO URGENTE,Implantação,True,True,True,False,Fase 1 - Prioridade Máxima para Estudo de Implantação
Salvaterra,Ciências da Religião,Licenciatura,EDUCACAO,False,0,0.4479191,0.6094859751475055,0.8518362878687638,0.6,0.9523809523809524,Média,1,0,0.7539001026066807,0.5741635393515702,0.7539001026066807,Muito Alta,IMPLANTAR CURSO URGENTE,Implantação,True,True,True,False,Fase 1 - Prioridade Máxima para Estudo de Implantação
Salvaterra,Letras - Língua Portuguesa,Licenciatura,EDUCACAO,False,0,0.4479191,0.6094859751475055,0.8518362878687638,0.6,0.9523809523809524,Média,1,0,0.7539001026066807,0.5741635393515702,0.7539001026066807,Muito Alta,IMPLANTAR CURSO URGENTE,Implantação,True,True,True,False,Fase 1 - Prioridade Máxima para Estudo de Implantação
Salvaterra,Geografia,Licenciatura,EDUCACAO,False,0,0.4479191,0.6094859751475055,0.8518362878687638,0.6,0.9523809523809524,Média,1,0,0.7539001026066807,0.5741635393515702,0.7539001026066807,Muito Alta,IMPLANTAR CURSO URGENTE,Implantação,True,True,True,False,Fase 1 - Prioridade Máxima para Estudo de Implantação
Salvaterra,Filosofia,Licenciatura,EDUCACAO,False,0,0.4479191,0.6094859751475055,0.8518362878687638,0.6,0.9523809523809524,Média,1,0,0.7539001026066807,0.5741635393515702,0.7539001026066807,Muito Alta,IMPLANTAR CURSO URGENTE,Implantação,True,True,True,False,Fase 1 - Prioridade Máxima para Estudo de Implantação
Salvaterra,Letras - Língua Inglesa,Licenciatura,EDUCACAO,False,0,0.4479191,0.6094859751475055,0.8518362878687638,0.6,0.9523809523809524,Média,1,0,0.7539001026066807,0.5741635393515702,0.7539001026066807,Muito Alta,IMPLANTAR CURSO URGENTE,Implantação,True,True,True,False,Fase 1 - Prioridade Máxima para Estudo de Implantação
Salvaterra,Ciências Sociais,Licenciatura,EDUCACAO,False,0,0.4479191,0.6094859751475055,0.8518362878687638,0.6,0.9523809523809524,Média,1,0,0.7539001026066807,0.5741635393515702,0.7539001026066807,Muito Alta,IMPLANTAR CURSO URGENTE,Implantação,True,True,True,False,Fase 1 - Prioridade Máxima para Estudo de Implantação
Salvaterra,Pedagogia,Licenciatura,EDUCACAO,False,0,0.4479191,0.6094859751475055,0.8518362878687638,0.6,0.9523809523809524,Média,1,0,0.7539001026066807,0.5741635393515702,0.7539001026066807,Muito Alta,IMPLANTAR CURSO URGENTE,Implantação,True,True,True,False,Fase 1 - Prioridade Máxima para Estudo de Implantação
Salvaterra,Educação Física (Licenciatura),Licenciatura,EDUCACAO,False,0,0.4479191,0.6094859751475055,0.8518362878687638,0.6,0.9523809523809524,Média,1,0,0.7539001026066807,0.5741635393515702,0.7539001026066807,Muito Alta,IMPLANTAR CURSO URGENTE,Implantação,True,True,True,False,Fase 1 - Prioridade Máxima para Estudo de Implantação
Salvaterra,Engenharia Florestal,Bacharelado,ENGENHARIA_TEC,False,0,0.4479191,0.4739456997914045,0.5129855994785112,0.4,0.9523809523809524,Média,1,0,0.5885253479022873,0.4589543052988842,0.5885253479022873,Alta,Implantar curso,Implantação,True,True,True,False,Fase 2 - Prioridade Alta para Estudo de Implantação
Salvaterra,Matemática,Licenciatura,EDUCACAO,False,0,0.4479191,0.6094859751475055,0.8518362878687638,0.6,0.9523809523809524,Média,1,0,0.7539001026066807,0.5741635393515702,0.7539001026066807,Muito Alta,IMPLANTAR CURSO URGENTE,Implantação,True,True,True,False,Fase 1 - Prioridade Máxima para Estudo de Implantação
Salvaterra,Física,Licenciatura,EDUCACAO,False,0,0.4479191,0.6094859751475055,0.8518362878687638,0.6,0.9523809523809524,Média,1,0,0.7539001026066807,0.5741635393515702,0.7539001026066807,Muito Alta,IMPLANTAR CURSO URGENTE,Implantação,True,True,True,False,Fase 1 - Prioridade Máxima para Estudo de Implantação
Salvaterra,Engenharia Ambiental e Sanitária,Bacharelado,ENGENHARIA_TEC,False,0,0.4479191,0.5516465245994044,0.7072376614985112,0.4,0.9523809523809524,Média,1,0,0.6603986108496872,0.5250000063856842,0.6603986108496872,Alta,Implantar curso,Implantação,True,True,True,False,Fase 2 - Prioridade Alta para Estudo de Implantação
Salvaterra,Design,Bacharelado,GESTAO_NEGOCIOS,False,0,0.4479191,0.4739456997914045,0.5129855994785112,0.35,0.9523809523809524,Média,1,0,0.5785253479022873,0.4589543052988842,0.5785253479022873,Alta,Implantar curso,Implantação,True,True,True,False,Fase 2 - Prioridade Alta para Estudo de Implantação
Salvaterra,Educação Física (Bacharelado),Bacharelado,SAUDE,False,0,0.4479191,0.4176494781858114,0.3722450454645287,0.4,0.9523809523809524,Média,1,0,0.5364513429171137,0.4111025169341302,0.5364513429171137,Alta,Implantar curso,Implantação,True,True,True,False,Fase 2 - Prioridade Alta para Estudo de Implantação
Salvaterra,Saúde Coletiva,Bacharelado,SAUDE,False,0,0.4479191,0.4176494781858114,0.3722450454645287,0.4,0.9523809523809524,Média,1,0,0.5364513429171137,0.4111025169341302,0.5364513429171137,Alta,Implantar curso,Implantação,True,True,True,False,Fase 2 - Prioridade Alta para Estudo de Implantação
Salvaterra,Fonoaudiologia,Bacharelado,SAUDE,False,0,0.4479191,0.4176494781858114,0.3722450454645287,0.4,0.9523809523809524,Média,1,0,0.5364513429171137,0.4111025169341302,0.5364513429171137,Alta,Implantar curso,Implantação,True,True,True,False,Fase 2 - Prioridade Alta para Estudo de Implantação
Salvaterra,Enfermagem,Bacharelado,SAUDE,False,0,0.4479191,0.4176494781858114,0.3722450454645287,0.4,0.9523809523809524,Média,1,0,0.5364513429171137,0.4111025169341302,0.5364513429171137,Alta,Implantar curso,Implantação,True,True,True,False,Fase 2 - Prioridade Alta para Estudo de Implantação
Salvaterra,Medicina,Bacharelado,SAUDE,False,0,0.4479191,0.4176494781858114,0.3722450454645287,0.4,0.9523809523809524,Média,1,0,0.5364513429171137,0.4111025169341302,0.5364513429171137,Alta,Implantar curso,Implantação,True,True,True,False,Fase 2 - Prioridade Alta para Estudo de Implantação
Salvaterra,Terapia Ocupacional,Bacharelado,SAUDE,False,0,0.4479191,0.4176494781858114,0.3722450454645287,0.4,0.9523809523809524,Média,1,0,0.5364513429171137,0.4111025169341302,0.5364513429171137,Alta,Implantar curso,Implantação,True,True,True,False,Fase 2 - Prioridade Alta para Estudo de Implantação
Salvaterra,Biomedicina,Bacharelado,SAUDE,False,0,0.4479191,0.4176494781858114,0.3722450454645287,0.4,0.9523809523809524,Média,1,0,0.5364513429171137,0.4111025169341302,0.5364513429171137,Alta,Implantar curso,Implantação,True,True,True,False,Fase 2 - Prioridade Alta para Estudo de Implantação
Salvaterra,Fisioterapia,Bacharelado,SAUDE,False,0,0.4479191,0.4176494781858114,0.3722450454645287,0.4,0.9523809523809524,Média,1,0,0.5364513429171137,0.4111025169341302,0.5364513429171137,Alta,Implantar curso,Implantação,True,True,True,False,Fase 2 - Prioridade Alta para Estudo de Implantação
Salvaterra,Engenharia Civil,Bacharelado,ENGENHARIA_TEC,False,0,0.4479191,0.5516465245994044,0.7072376614985112,0.4,0.9523809523809524,Média,1,0,0.6603986108496872,0.5250000063856842,0.6603986108496872,Alta,Implantar curso,Implantação,True,True,True,False,Fase 2 - Prioridade Alta para Estudo de Implantação
Salvaterra,Secretariado Executivo Trilíngue,Bacharelado,GESTAO_NEGOCIOS,False,0,0.4479191,0.4739456997914045,0.5129855994785112,0.35,0.9523809523809524,Média,1,0,0.5785253479022873,0.4589543052988842,0.5785253479022873,Alta,Implantar curso,Implantação,True,True,True,False,Fase 2 - Prioridade Alta para Estudo de Implantação
Salvaterra,Relações Internacionais,Bacharelado,GESTAO_NEGOCIOS,False,0,0.4479191,0.4739456997914045,0.5129855994785112,0.35,0.9523809523809524,Média,1,0,0.5785253479022873,0.4589543052988842,0.5785253479022873,Alta,Implantar curso,Implantação,True,True,True,False,Fase 2 - Prioridade Alta para Estudo de Implantação
Salvaterra,Engenharia de Produção,Bacharelado,ENGENHARIA_TEC,False,0,0.4479191,0.4739456997914045,0.5129855994785112,0.4,0.9523809523809524,Média,1,0,0.5885253479022873,0.4589543052988842,0.5885253479022873,Alta,Implantar curso,Implantação,True,True,True,False,Fase 2 - Prioridade Alta para Estudo de Implantação
Salvaterra,Tecnologia em Comércio Exterior,Tecnólogo,GESTAO_NEGOCIOS,False,0,0.4479191,0.4739456997914045,0.5129855994785112,0.35,0.9523809523809524,Média,1,0,0.5785253479022873,0.4589543052988842,0.5785253479022873,Alta,Implantar curso,Implantação,True,True,True,False,Fase 2 - Prioridade Alta para Estudo de Implantação
Salvaterra,Engenharia de Software,Bacharelado,ENGENHARIA_TEC,False,0,0.4479191,0.4739456997914045,0.5129855994785112,0.4,0.9523809523809524,Média,1,0,0.5885253479022873,0.4589543052988842,0.5885253479022873,Alta,Implantar curso,Implantação,True,True,True,False,Fase 2 - Prioridade Alta para Estudo de Implantação
Santarém,Tecnologia em Comércio Exterior,Tecnólogo,GESTAO_NEGOCIOS,False,0,0.74112024,0.6498663837914045,0.5129855994785112,0.85,0.6190476190476191,Muito Alta,8,12,0.6479682197689539,0.4538598780322176,0.6479682197689539,Alta,Implantar curso,Implantação,True,True,True,False,Fase 2 - Prioridade Alta para Estudo de Implantação
Santarém,Secretariado Executivo Trilíngue,Bacharelado,GESTAO_NEGOCIOS,False,0,0.74112024,0.6498663837914045,0.5129855994785112,0.85,0.6190476190476191,Muito Alta,8,12,0.6479682197689539,0.4538598780322176,0.6479682197689539,Alta,Implantar curso,Implantação,True,True,True,False,Fase 2 - Prioridade Alta para Estudo de Implantação
Santarém,Relações Internacionais,Bacharelado,GESTAO_NEGOCIOS,False,0,0.74112024,0.6498663837914045,0.5129855994785112,0.85,0.6190476190476191,Muito Alta,8,12,0.6479682197689539,0.4538598780322176,0.6479682197689539,Alta,Implantar curso,Implantação,True,True,True,False,Fase 2 - Prioridade Alta para Estudo de Implantação
Santarém,Letras - Língua Inglesa,Licenciatura,EDUCACAO,False,0,0.74112024,0.5682409523948821,0.3089220209872053,0.8,0.6190476190476191,Muito Alta,8,12,0.5624646957271708,0.3844782613451736,0.5624646957271708,Alta,Implantar curso,Implantação,True,True,True,False,Fase 2 - Prioridade Alta para Estudo de Implantação
Santarém,Ciências da Religião,Licenciatura,EDUCACAO,False,0,0.74112024,0.5682409523948821,0.3089220209872053,0.8,0.6190476190476191,Muito Alta,8,12,0.5624646957271708,0.3844782613451736,0.5624646957271708,Alta,Implantar curso,Implantação,True,True,True,False,Fase 2 - Prioridade Alta para Estudo de Implantação
Santarém,Engenharia Florestal,Bacharelado,ENGENHARIA_TEC,False,0,0.74112024,0.6498663837914045,0.5129855994785112,0.45,0.6190476190476191,Muito Alta,8,12,0.567968219768954,0.4538598780322176,0.567968219768954,Alta,Implantar curso,Implantação,True,True,True,False,Fase 2 - Prioridade Alta para Estudo de Implantação
Santarém,Ciências Naturais,Licenciatura,EDUCACAO,False,0,0.74112024,0.5682409523948821,0.3089220209872053,0.8,0.6190476190476191,Muito Alta,8,12,0.5624646957271708,0.3844782613451736,0.5624646957271708,Alta,Implantar curso,Implantação,True,True,True,False,Fase 2 - Prioridade Alta para Estudo de Implantação
Santarém,Design,Bacharelado,GESTAO_NEGOCIOS,False,0,0.74112024,0.6498663837914045,0.5129855994785112,0.85,0.6190476190476191,Muito Alta,8,12,0.6479682197689539,0.4538598780322176,0.6479682197689539,Alta,Implantar curso,Implantação,True,True,True,False,Fase 2 - Prioridade Alta para Estudo de Implantação
Santarém,Educação Física (Licenciatura),Licenciatura,EDUCACAO,False,0,0.74112024,0.5682409523948821,0.3089220209872053,0.8,0.6190476190476191,Muito Alta,8,12,0.5624646957271708,0.3844782613451736,0.5624646957271708,Alta,Implantar curso,Implantação,True,True,True,False,Fase 2 - Prioridade Alta para Estudo de Implantação
Santarém,Filosofia,Licenciatura,EDUCACAO,False,0,0.74112024,0.5682409523948821,0.3089220209872053,0.8,0.6190476190476191,Muito Alta,8,12,0.5624646957271708,0.3844782613451736,0.5624646957271708,Alta,Implantar curso,Implantação,True,True,True,False,Fase 2 - Prioridade Alta para Estudo de Implantação
Santarém,Ciências Sociais,Licenciatura,EDUCACAO,False,0,0.74112024,0.5682409523948821,0.3089220209872053,0.8,0.6190476190476191,Muito Alta,8,12,0.5624646957271708,0.3844782613451736,0.5624646957271708,Alta,Implantar curso,Implantação,True,True,True,False,Fase 2 - Prioridade Alta para Estudo de Implantação
Santarém,História,Licenciatura,EDUCACAO,False,0,0.74112024,0.5682409523948821,0.3089220209872053,0.8,0.6190476190476191,Muito Alta,8,12,0.5624646957271708,0.3844782613451736,0.5624646957271708,Alta,Implantar curso,Implantação,True,True,True,False,Fase 2 - Prioridade Alta para Estudo de Implantação
Santarém,Letras - Língua Portuguesa,Licenciatura,EDUCACAO,False,0,0.74112024,0.5682409523948821,0.3089220209872053,0.8,0.6190476190476191,Muito Alta,8,12,0.5624646957271708,0.3844782613451736,0.5624646957271708,Alta,Implantar curso,Implantação,True,True,True,False,Fase 2 - Prioridade Alta para Estudo de Implantação
Santarém,Ciências Biológicas,Licenciatura,EDUCACAO,False,0,0.74112024,0.5682409523948821,0.3089220209872053,0.8,0.6190476190476191,Muito Alta,8,12,0.5624646957271708,0.3844782613451736,0.5624646957271708,Alta,Implantar curso,Implantação,True,True,True,False,Fase 2 - Prioridade Alta para Estudo de Implantação
Santarém,Pedagogia,Licenciatura,EDUCACAO,False,0,0.74112024,0.5682409523948821,0.3089220209872053,0.8,0.6190476190476191,Muito Alta,8,12,0.5624646957271708,0.3844782613451736,0.5624646957271708,Alta,Implantar curso,Implantação,True,True,True,False,Fase 2 - Prioridade Alta para Estudo de Implantação
Santarém,Terapia Ocupacional,Bacharelado,SAUDE,False,0,0.74112024,0.5259814408390453,0.2032732420976133,0.8,0.6190476190476191,Muito Alta,8,12,0.5233746475380217,0.3485576765227123,0.5233746475380217,Alta,Implantar curso,Implantação,True,True,True,False,Fase 2 - Prioridade Alta para Estudo de Implantação
Santarém,Geografia,Licenciatura,EDUCACAO,False,0,0.74112024,0.5682409523948821,0.3089220209872053,0.8,0.6190476190476191,Muito Alta,8,12,0.5624646957271708,0.3844782613451736,0.5624646957271708,Alta,Implantar curso,Implantação,True,True,True,False,Fase 2 - Prioridade Alta para Estudo de Implantação
Santarém,Tecnologia de Alimentos,Tecnólogo,ENGENHARIA_TEC,False,0,0.74112024,0.6498663837914045,0.5129855994785112,0.45,0.6190476190476191,Muito Alta,8,12,0.567968219768954,0.4538598780322176,0.567968219768954,Alta,Implantar curso,Implantação,True,True,True,False,Fase 2 - Prioridade Alta para Estudo de Implantação
Santarém,Fonoaudiologia,Bacharelado,SAUDE,False,0,0.74112024,0.5259814408390453,0.2032732420976133,0.8,0.6190476190476191,Muito Alta,8,12,0.5233746475380217,0.3485576765227123,0.5233746475380217,Alta,Implantar curso,Implantação,True,True,True,False,Fase 2 - Prioridade Alta para Estudo de Implantação
Santarém,Saúde Coletiva,Bacharelado,SAUDE,False,0,0.74112024,0.5259814408390453,0.2032732420976133,0.8,0.6190476190476191,Muito Alta,8,12,0.5233746475380217,0.3485576765227123,0.5233746475380217,Alta,Implantar curso,Implantação,True,True,True,False,Fase 2 - Prioridade Alta para Estudo de Implantação
Santarém,Matemática,Licenciatura,EDUCACAO,False,0,0.74112024,0.5682409523948821,0.3089220209872053,0.8,0.6190476190476191,Muito Alta,8,12,0.5624646957271708,0.3844782613451736,0.5624646957271708,Alta,Implantar curso,Implantação,True,True,True,False,Fase 2 - Prioridade Alta para Estudo de Implantação
Santarém,Engenharia de Software,Bacharelado,ENGENHARIA_TEC,False,0,0.74112024,0.6498663837914045,0.5129855994785112,0.45,0.6190476190476191,Muito Alta,8,12,0.567968219768954,0.4538598780322176,0.567968219768954,Alta,Implantar curso,Implantação,True,True,True,False,Fase 2 - Prioridade Alta para Estudo de Implantação
Santarém,Engenharia Ambiental e Sanitária,Bacharelado,ENGENHARIA_TEC,False,0,0.74112024,0.600880654301823,0.3905212757545575,0.45,0.6190476190476191,Muito Alta,8,12,0.522656419991091,0.4122220079660734,0.522656419991091,Alta,Implantar curso,Implantação,True,True,True,False,Fase 2 - Prioridade Alta para Estudo de Implantação
Santarém,Biomedicina,Bacharelado,SAUDE,False,0,0.74112024,0.5259814408390453,0.2032732420976133,0.8,0.6190476190476191,Muito Alta,8,12,0.5233746475380217,0.3485576765227123,0.5233746475380217,Alta,Implantar curso,Implantação,True,True,True,False,Fase 2 - Prioridade Alta para Estudo de Implantação
Santarém,Engenharia de Produção,Bacharelado,ENGENHARIA_TEC,False,0,0.74112024,0.6498663837914045,0.5129855994785112,0.45,0.6190476190476191,Muito Alta,8,12,0.567968219768954,0.4538598780322176,0.567968219768954,Alta,Implantar curso,Implantação,True,True,True,False,Fase 2 - Prioridade Alta para Estudo de Implantação
Santarém,Engenharia Civil,Bacharelado,ENGENHARIA_TEC,False,0,0.74112024,0.600880654301823,0.3905212757545575,0.45,0.6190476190476191,Muito Alta,8,12,0.522656419991091,0.4122220079660734,0.522656419991091,Alta,Implantar curso,Implantação,True,True,True,False,Fase 2 - Prioridade Alta para Estudo de Implantação
Santarém,Física,Licenciatura,EDUCACAO,False,0,0.74112024,0.5682409523948821,0.3089220209872053,0.8,0.6190476190476191,Muito Alta,8,12,0.5624646957271708,0.3844782613451736,0.5624646957271708,Alta,Implantar curso,Implantação,True,True,True,False,Fase 2 - Prioridade Alta para Estudo de Implantação
Santarém,Química,Licenciatura,EDUCACAO,False,0,0.74112024,0.5682409523948821,0.3089220209872053,0.8,0.6190476190476191,Muito Alta,8,12,0.5624646957271708,0.3844782613451736,0.5624646957271708,Alta,Implantar curso,Implantação,True,True,True,False,Fase 2 - Prioridade Alta para Estudo de Implantação
São Miguel do Guamá,Química,Licenciatura,EDUCACAO,False,0,0.41703872,0.631233703441666,0.9525261786041648,0.55,0.9523809523809524,Média,1,0,0.7755968937787792,0.6019132224016065,0.7755968937787792,Muito Alta,IMPLANTAR CURSO URGENTE,Implantação,True,True,True,False,Fase 1 - Prioridade Máxima para Estudo de Implantação
São Miguel do Guamá,Ciências Naturais,Licenciatura,EDUCACAO,False,0,0.41703872,0.631233703441666,0.9525261786041648,0.55,0.9523809523809524,Média,1,0,0.7755968937787792,0.6019132224016065,0.7755968937787792,Muito Alta,IMPLANTAR CURSO URGENTE,Implantação,True,True,True,False,Fase 1 - Prioridade Máxima para Estudo de Implantação
São Miguel do Guamá,Ciências Biológicas,Licenciatura,EDUCACAO,False,0,0.41703872,0.631233703441666,0.9525261786041648,0.55,0.9523809523809524,Média,1,0,0.7755968937787792,0.6019132224016065,0.7755968937787792,Muito Alta,IMPLANTAR CURSO URGENTE,Implantação,True,True,True,False,Fase 1 - Prioridade Máxima para Estudo de Implantação
São Miguel do Guamá,Geografia,Licenciatura,EDUCACAO,False,0,0.41703872,0.631233703441666,0.9525261786041648,0.55,0.9523809523809524,Média,1,0,0.7755968937787792,0.6019132224016065,0.7755968937787792,Muito Alta,IMPLANTAR CURSO URGENTE,Implantação,True,True,True,False,Fase 1 - Prioridade Máxima para Estudo de Implantação
São Miguel do Guamá,Educação Física (Licenciatura),Licenciatura,EDUCACAO,False,0,0.41703872,0.631233703441666,0.9525261786041648,0.55,0.9523809523809524,Média,1,0,0.7755968937787792,0.6019132224016065,0.7755968937787792,Muito Alta,IMPLANTAR CURSO URGENTE,Implantação,True,True,True,False,Fase 1 - Prioridade Máxima para Estudo de Implantação
São Miguel do Guamá,Física,Licenciatura,EDUCACAO,False,0,0.41703872,0.631233703441666,0.9525261786041648,0.55,0.9523809523809524,Média,1,0,0.7755968937787792,0.6019132224016065,0.7755968937787792,Muito Alta,IMPLANTAR CURSO URGENTE,Implantação,True,True,True,False,Fase 1 - Prioridade Máxima para Estudo de Implantação
São Miguel do Guamá,Ciências da Religião,Licenciatura,EDUCACAO,False,0,0.41703872,0.631233703441666,0.9525261786041648,0.55,0.9523809523809524,Média,1,0,0.7755968937787792,0.6019132224016065,0.7755968937787792,Muito Alta,IMPLANTAR CURSO URGENTE,Implantação,True,True,True,False,Fase 1 - Prioridade Máxima para Estudo de Implantação
São Miguel do Guamá,Letras - Língua Inglesa,Licenciatura,EDUCACAO,False,0,0.41703872,0.631233703441666,0.9525261786041648,0.55,0.9523809523809524,Média,1,0,0.7755968937787792,0.6019132224016065,0.7755968937787792,Muito Alta,IMPLANTAR CURSO URGENTE,Implantação,True,True,True,False,Fase 1 - Prioridade Máxima para Estudo de Implantação
São Miguel do Guamá,Engenharia Ambiental e Sanitária,Bacharelado,ENGENHARIA_TEC,False,0,0.41703872,0.5286680398229238,0.6961120195573093,0.9,0.9523809523809524,Média,1,0,0.7507236549314427,0.5147324083256757,0.7507236549314427,Muito Alta,IMPLANTAR CURSO URGENTE,Implantação,True,True,True,False,Fase 1 - Prioridade Máxima para Estudo de Implantação
São Miguel do Guamá,Tecnologia de Alimentos,Tecnólogo,ENGENHARIA_TEC,False,0,0.41703872,0.4554174717914044,0.5129855994785112,0.9,0.9523809523809524,Média,1,0,0.6829668795022872,0.4524694254988842,0.6829668795022872,Alta,Implantar curso,Implantação,True,True,True,False,Fase 2 - Prioridade Alta para Estudo de Implantação
São Miguel do Guamá,Engenharia Florestal,Bacharelado,ENGENHARIA_TEC,False,0,0.41703872,0.4554174717914044,0.5129855994785112,0.9,0.9523809523809524,Média,1,0,0.6829668795022872,0.4524694254988842,0.6829668795022872,Alta,Implantar curso,Implantação,True,True,True,False,Fase 2 - Prioridade Alta para Estudo de Implantação
São Miguel do Guamá,Engenharia de Produção,Bacharelado,ENGENHARIA_TEC,False,0,0.41703872,0.4554174717914044,0.5129855994785112,0.9,0.9523809523809524,Média,1,0,0.6829668795022872,0.4524694254988842,0.6829668795022872,Alta,Implantar curso,Implantação,True,True,True,False,Fase 2 - Prioridade Alta para Estudo de Implantação
São Miguel do Guamá,Biomedicina,Bacharelado,SAUDE,False,0,0.41703872,0.4952959340120105,0.6126817550300264,0.4,0.9523809523809524,Média,1,0,0.6198544570563479,0.4863661183863994,0.6198544570563479,Alta,Implantar curso,Implantação,True,True,True,False,Fase 2 - Prioridade Alta para Estudo de Implantação
São Miguel do Guamá,Engenharia Civil,Bacharelado,ENGENHARIA_TEC,False,0,0.41703872,0.5286680398229238,0.6961120195573093,0.9,0.9523809523809524,Média,1,0,0.7507236549314427,0.5147324083256757,0.7507236549314427,Muito Alta,IMPLANTAR CURSO URGENTE,Implantação,True,True,True,False,Fase 1 - Prioridade Máxima para Estudo de Implantação
São Miguel do Guamá,Fonoaudiologia,Bacharelado,SAUDE,False,0,0.41703872,0.4952959340120105,0.6126817550300264,0.4,0.9523809523809524,Média,1,0,0.6198544570563479,0.4863661183863994,0.6198544570563479,Alta,Implantar curso,Implantação,True,True,True,False,Fase 2 - Prioridade Alta para Estudo de Implantação
São Miguel do Guamá,Saúde Coletiva,Bacharelado,SAUDE,False,0,0.41703872,0.4952959340120105,0.6126817550300264,0.4,0.9523809523809524,Média,1,0,0.6198544570563479,0.4863661183863994,0.6198544570563479,Alta,Implantar curso,Implantação,True,True,True,False,Fase 2 - Prioridade Alta para Estudo de Implantação
São Miguel do Guamá,Terapia Ocupacional,Bacharelado,SAUDE,False,0,0.41703872,0.4952959340120105,0.6126817550300264,0.4,0.9523809523809524,Média,1,0,0.6198544570563479,0.4863661183863994,0.6198544570563479,Alta,Implantar curso,Implantação,True,True,True,False,Fase 2 - Prioridade Alta para Estudo de Implantação
São Miguel do Guamá,Enfermagem,Bacharelado,SAUDE,False,0,0.41703872,0.4952959340120105,0.6126817550300264,0.4,0.9523809523809524,Média,1,0,0.6198544570563479,0.4863661183863994,0.6198544570563479,Alta,Implantar curso,Implantação,True,True,True,False,Fase 2 - Prioridade Alta para Estudo de Implantação
São Miguel do Guamá,Medicina,Bacharelado,SAUDE,False,0,0.41703872,0.4952959340120105,0.6126817550300264,0.4,0.9523809523809524,Média,1,0,0.6198544570563479,0.4863661183863994,0.6198544570563479,Alta,Implantar curso,Implantação,True,True,True,False,Fase 2 - Prioridade Alta para Estudo de Implantação
São Miguel do Guamá,Fisioterapia,Bacharelado,SAUDE,False,0,0.41703872,0.4952959340120105,0.6126817550300264,0.4,0.9523809523809524,Média,1,0,0.6198544570563479,0.4863661183863994,0.6198544570563479,Alta,Implantar curso,Implantação,True,True,True,False,Fase 2 - Prioridade Alta para Estudo de Implantação
São Miguel do Guamá,Educação Física (Bacharelado),Bacharelado,SAUDE,False,0,0.41703872,0.4952959340120105,0.6126817550300264,0.4,0.9523809523809524,Média,1,0,0.6198544570563479,0.4863661183863994,0.6198544570563479,Alta,Implantar curso,Implantação,True,True,True,False,Fase 2 - Prioridade Alta para Estudo de Implantação
São Miguel do Guamá,Secretariado Executivo Trilíngue,Bacharelado,GESTAO_NEGOCIOS,False,0,0.41703872,0.4554174717914044,0.5129855994785112,0.45,0.9523809523809524,Média,1,0,0.5929668795022872,0.4524694254988842,0.5929668795022872,Alta,Implantar curso,Implantação,True,True,True,False,Fase 2 - Prioridade Alta para Estudo de Implantação
São Miguel do Guamá,Relações Internacionais,Bacharelado,GESTAO_NEGOCIOS,False,0,0.41703872,0.4554174717914044,0.5129855994785112,0.45,0.9523809523809524,Média,1,0,0.5929668795022872,0.4524694254988842,0.5929668795022872,Alta,Implantar curso,Implantação,True,True,True,False,Fase 2 - Prioridade Alta para Estudo de Implantação
São Miguel do Guamá,Design,Bacharelado,GESTAO_NEGOCIOS,False,0,0.41703872,0.4554174717914044,0.5129855994785112,0.45,0.9523809523809524,Média,1,0,0.5929668795022872,0.4524694254988842,0.5929668795022872,Alta,Implantar curso,Implantação,True,True,True,False,Fase 2 - Prioridade Alta para Estudo de Implantação
São Miguel do Guamá,Tecnologia em Comércio Exterior,Tecnólogo,GESTAO_NEGOCIOS,False,0,0.41703872,0.4554174717914044,0.5129855994785112,0.45,0.9523809523809524,Média,1,0,0.5929668795022872,0.4524694254988842,0.5929668795022872,Alta,Implantar curso,Implantação,True,True,True,False,Fase 2 - Prioridade Alta para Estudo de Implantação
São Miguel do Guamá,Engenharia de Software,Bacharelado,ENGENHARIA_TEC,False,0,0.41703872,0.4554174717914044,0.5129855994785112,0.9,0.9523809523809524,Média,1,0,0.6829668795022872,0.4524694254988842,0.6829668795022872,Alta,Implantar curso,Implantação,True,True,True,False,Fase 2 - Prioridade Alta para Estudo de Implantação
Tucuruí,Saúde Coletiva,Bacharelado,SAUDE,False,0,0.50552374,0.5188404077378421,0.5388154093446053,0.55,0.7619047619047619,Muito Alta,5,4,0.5908321651336944,0.4417381769581182,0.5908321651336944,Alta,Implantar curso,Implantação,True,True,True,False,Fase 2 - Prioridade Alta para Estudo de Implantação
Tucuruí,Geografia,Licenciatura,EDUCACAO,False,0,0.50552374,0.5111559409120412,0.5196042422801029,0.55,0.7619047619047619,Muito Alta,5,4,0.5837240333198286,0.4352063801561874,0.5837240333198286,Alta,Implantar curso,Implantação,True,True,True,False,Fase 2 - Prioridade Alta para Estudo de Implantação
Tucuruí,Terapia Ocupacional,Bacharelado,SAUDE,False,0,0.50552374,0.5188404077378421,0.5388154093446053,0.55,0.7619047619047619,Muito Alta,5,4,0.5908321651336944,0.4417381769581182,0.5908321651336944,Alta,Implantar curso,Implantação,True,True,True,False,Fase 2 - Prioridade Alta para Estudo de Implantação
Tucuruí,Ciências Naturais,Licenciatura,EDUCACAO,False,0,0.50552374,0.5111559409120412,0.5196042422801029,0.55,0.7619047619047619,Muito Alta,5,4,0.5837240333198286,0.4352063801561874,0.5837240333198286,Alta,Implantar curso,Implantação,True,True,True,False,Fase 2 - Prioridade Alta para Estudo de Implantação
Tucuruí,Fonoaudiologia,Bacharelado,SAUDE,False,0,0.50552374,0.5188404077378421,0.5388154093446053,0.55,0.7619047619047619,Muito Alta,5,4,0.5908321651336944,0.4417381769581182,0.5908321651336944,Alta,Implantar curso,Implantação,True,True,True,False,Fase 2 - Prioridade Alta para Estudo de Implantação
Tucuruí,Medicina,Bacharelado,SAUDE,False,0,0.50552374,0.5188404077378421,0.5388154093446053,0.55,0.7619047619047619,Muito Alta,5,4,0.5908321651336944,0.4417381769581182,0.5908321651336944,Alta,Implantar curso,Implantação,True,True,True,False,Fase 2 - Prioridade Alta para Estudo de Implantação
Tucuruí,Ciências Biológicas,Licenciatura,EDUCACAO,False,0,0.50552374,0.5111559409120412,0.5196042422801029,0.55,0.7619047619047619,Muito Alta,5,4,0.5837240333198286,0.4352063801561874,0.5837240333198286,Alta,Implantar curso,Implantação,True,True,True,False,Fase 2 - Prioridade Alta para Estudo de Implantação
Tucuruí,Educação Física (Bacharelado),Bacharelado,SAUDE,False,0,0.50552374,0.5188404077378421,0.5388154093446053,0.55,0.7619047619047619,Muito Alta,5,4,0.5908321651336944,0.4417381769581182,0.5908321651336944,Alta,Implantar curso,Implantação,True,True,True,False,Fase 2 - Prioridade Alta para Estudo de Implantação
Tucuruí,Física,Licenciatura,EDUCACAO,False,0,0.50552374,0.5111559409120412,0.5196042422801029,0.55,0.7619047619047619,Muito Alta,5,4,0.5837240333198286,0.4352063801561874,0.5837240333198286,Alta,Implantar curso,Implantação,True,True,True,False,Fase 2 - Prioridade Alta para Estudo de Implantação
Tucuruí,Engenharia Florestal,Bacharelado,ENGENHARIA_TEC,False,0,0.50552374,0.5085084837914045,0.5129855994785112,0.3,0.7619047619047619,Muito Alta,5,4,0.5312751354832397,0.4329560416036462,0.5312751354832397,Alta,Implantar curso,Implantação,True,True,True,False,Fase 2 - Prioridade Alta para Estudo de Implantação
Tucuruí,Filosofia,Licenciatura,EDUCACAO,False,0,0.50552374,0.5111559409120412,0.5196042422801029,0.55,0.7619047619047619,Muito Alta,5,4,0.5837240333198286,0.4352063801561874,0.5837240333198286,Alta,Implantar curso,Implantação,True,True,True,False,Fase 2 - Prioridade Alta para Estudo de Implantação
Tucuruí,Pedagogia,Licenciatura,EDUCACAO,False,0,0.50552374,0.5111559409120412,0.5196042422801029,0.55,0.7619047619047619,Muito Alta,5,4,0.5837240333198286,0.4352063801561874,0.5837240333198286,Alta,Implantar curso,Implantação,True,True,True,False,Fase 2 - Prioridade Alta para Estudo de Implantação
Tucuruí,Secretariado Executivo Trilíngue,Bacharelado,GESTAO_NEGOCIOS,False,0,0.50552374,0.5085084837914045,0.5129855994785112,0.6,0.7619047619047619,Muito Alta,5,4,0.5912751354832396,0.4329560416036462,0.5912751354832396,Alta,Implantar curso,Implantação,True,True,True,False,Fase 2 - Prioridade Alta para Estudo de Implantação
Tucuruí,Ciências Sociais,Licenciatura,EDUCACAO,False,0,0.50552374,0.5111559409120412,0.5196042422801029,0.55,0.7619047619047619,Muito Alta,5,4,0.5837240333198286,0.4352063801561874,0.5837240333198286,Alta,Implantar curso,Implantação,True,True,True,False,Fase 2 - Prioridade Alta para Estudo de Implantação
Tucuruí,Letras - Língua Portuguesa,Licenciatura,EDUCACAO,False,0,0.50552374,0.5111559409120412,0.5196042422801029,0.55,0.7619047619047619,Muito Alta,5,4,0.5837240333198286,0.4352063801561874,0.5837240333198286,Alta,Implantar curso,Implantação,True,True,True,False,Fase 2 - Prioridade Alta para Estudo de Implantação
Tucuruí,Ciências da Religião,Licenciatura,EDUCACAO,False,0,0.50552374,0.5111559409120412,0.5196042422801029,0.55,0.7619047619047619,Muito Alta,5,4,0.5837240333198286,0.4352063801561874,0.5837240333198286,Alta,Implantar curso,Implantação,True,True,True,False,Fase 2 - Prioridade Alta para Estudo de Implantação
Tucuruí,Biomedicina,Bacharelado,SAUDE,False,0,0.50552374,0.5188404077378421,0.5388154093446053,0.55,0.7619047619047619,Muito Alta,5,4,0.5908321651336944,0.4417381769581182,0.5908321651336944,Alta,Implantar curso,Implantação,True,True,True,False,Fase 2 - Prioridade Alta para Estudo de Implantação
Tucuruí,Relações Internacionais,Bacharelado,GESTAO_NEGOCIOS,False,0,0.50552374,0.5085084837914045,0.5129855994785112,0.6,0.7619047619047619,Muito Alta,5,4,0.5912751354832396,0.4329560416036462,0.5912751354832396,Alta,Implantar curso,Implantação,True,True,True,False,Fase 2 - Prioridade Alta para Estudo de Implantação
Tucuruí,Tecnologia em Comércio Exterior,Tecnólogo,GESTAO_NEGOCIOS,False,0,0.50552374,0.5085084837914045,0.5129855994785112,0.6,0.7619047619047619,Muito Alta,5,4,0.5912751354832396,0.4329560416036462,0.5912751354832396,Alta,Implantar curso,Implantação,True,True,True,False,Fase 2 - Prioridade Alta para Estudo de Implantação
Tucuruí,História,Licenciatura,EDUCACAO,False,0,0.50552374,0.5111559409120412,0.5196042422801029,0.55,0.7619047619047619,Muito Alta,5,4,0.5837240333198286,0.4352063801561874,0.5837240333198286,Alta,Implantar curso,Implantação,True,True,True,False,Fase 2 - Prioridade Alta para Estudo de Implantação
Tucuruí,Letras - Língua Inglesa,Licenciatura,EDUCACAO,False,0,0.50552374,0.5111559409120412,0.5196042422801029,0.55,0.7619047619047619,Muito Alta,5,4,0.5837240333198286,0.4352063801561874,0.5837240333198286,Alta,Implantar curso,Implantação,True,True,True,False,Fase 2 - Prioridade Alta para Estudo de Implantação
Tucuruí,Matemática,Licenciatura,EDUCACAO,False,0,0.50552374,0.5111559409120412,0.5196042422801029,0.55,0.7619047619047619,Muito Alta,5,4,0.5837240333198286,0.4352063801561874,0.5837240333198286,Alta,Implantar curso,Implantação,True,True,True,False,Fase 2 - Prioridade Alta para Estudo de Implantação
Tucuruí,Tecnologia de Alimentos,Tecnólogo,ENGENHARIA_TEC,False,0,0.50552374,0.5085084837914045,0.5129855994785112,0.3,0.7619047619047619,Muito Alta,5,4,0.5312751354832397,0.4329560416036462,0.5312751354832397,Alta,Implantar curso,Implantação,True,True,True,False,Fase 2 - Prioridade Alta para Estudo de Implantação
Tucuruí,Química,Licenciatura,EDUCACAO,False,0,0.50552374,0.5111559409120412,0.5196042422801029,0.55,0.7619047619047619,Muito Alta,5,4,0.5837240333198286,0.4352063801561874,0.5837240333198286,Alta,Implantar curso,Implantação,True,True,True,False,Fase 2 - Prioridade Alta para Estudo de Implantação
Tucuruí,Design,Bacharelado,GESTAO_NEGOCIOS,False,0,0.50552374,0.5085084837914045,0.5129855994785112,0.6,0.7619047619047619,Muito Alta,5,4,0.5912751354832396,0.4329560416036462,0.5912751354832396,Alta,Implantar curso,Implantação,True,True,True,False,Fase 2 - Prioridade Alta para Estudo de Implantação
Tucuruí,Engenharia de Produção,Bacharelado,ENGENHARIA_TEC,False,0,0.50552374,0.5085084837914045,0.5129855994785112,0.3,0.7619047619047619,Muito Alta,5,4,0.5312751354832397,0.4329560416036462,0.5312751354832397,Alta,Implantar curso,Implantação,True,True,True,False,Fase 2 - Prioridade Alta para Estudo de Implantação
Tucuruí,Engenharia de Software,Bacharelado,ENGENHARIA_TEC,False,0,0.50552374,0.5085084837914045,0.5129855994785112,0.3,0.7619047619047619,Muito Alta,5,4,0.5312751354832397,0.4329560416036462,0.5312751354832397,Alta,Implantar curso,Implantação,True,True,True,False,Fase 2 - Prioridade Alta para Estudo de Implantação
Vigia,Ciências Naturais,Licenciatura,EDUCACAO,False,0,0.45718982,0.6076877942864826,0.8334347557162063,0.55,0.9047619047619048,Média,2,2,0.7268555034054724,0.5603300600958911,0.7268555034054724,Alta,Implantar curso,Implantação,True,True,True,False,Fase 2 - Prioridade Alta para Estudo de Implantação
Vigia,Ciências Biológicas,Licenciatura,EDUCACAO,False,0,0.45718982,0.6076877942864826,0.8334347557162063,0.55,0.9047619047619048,Média,2,2,0.7268555034054724,0.5603300600958911,0.7268555034054724,Alta,Implantar curso,Implantação,True,True,True,False,Fase 2 - Prioridade Alta para Estudo de Implantação
Vigia,Geografia,Licenciatura,EDUCACAO,False,0,0.45718982,0.6076877942864826,0.8334347557162063,0.55,0.9047619047619048,Média,2,2,0.7268555034054724,0.5603300600958911,0.7268555034054724,Alta,Implantar curso,Implantação,True,True,True,False,Fase 2 - Prioridade Alta para Estudo de Implantação
Vigia,Ciências da Religião,Licenciatura,EDUCACAO,False,0,0.45718982,0.6076877942864826,0.8334347557162063,0.55,0.9047619047619048,Média,2,2,0.7268555034054724,0.5603300600958911,0.7268555034054724,Alta,Implantar curso,Implantação,True,True,True,False,Fase 2 - Prioridade Alta para Estudo de Implantação
Vigia,Filosofia,Licenciatura,EDUCACAO,False,0,0.45718982,0.6076877942864826,0.8334347557162063,0.55,0.9047619047619048,Média,2,2,0.7268555034054724,0.5603300600958911,0.7268555034054724,Alta,Implantar curso,Implantação,True,True,True,False,Fase 2 - Prioridade Alta para Estudo de Implantação
Vigia,Letras - Língua Inglesa,Licenciatura,EDUCACAO,False,0,0.45718982,0.6076877942864826,0.8334347557162063,0.55,0.9047619047619048,Média,2,2,0.7268555034054724,0.5603300600958911,0.7268555034054724,Alta,Implantar curso,Implantação,True,True,True,False,Fase 2 - Prioridade Alta para Estudo de Implantação
Vigia,Ciências Sociais,Licenciatura,EDUCACAO,False,0,0.45718982,0.6076877942864826,0.8334347557162063,0.55,0.9047619047619048,Média,2,2,0.7268555034054724,0.5603300600958911,0.7268555034054724,Alta,Implantar curso,Implantação,True,True,True,False,Fase 2 - Prioridade Alta para Estudo de Implantação
Vigia,Educação Física (Licenciatura),Licenciatura,EDUCACAO,False,0,0.45718982,0.6076877942864826,0.8334347557162063,0.55,0.9047619047619048,Média,2,2,0.7268555034054724,0.5603300600958911,0.7268555034054724,Alta,Implantar curso,Implantação,True,True,True,False,Fase 2 - Prioridade Alta para Estudo de Implantação
Vigia,Física,Licenciatura,EDUCACAO,False,0,0.45718982,0.6076877942864826,0.8334347557162063,0.55,0.9047619047619048,Média,2,2,0.7268555034054724,0.5603300600958911,0.7268555034054724,Alta,Implantar curso,Implantação,True,True,True,False,Fase 2 - Prioridade Alta para Estudo de Implantação
Vigia,Química,Licenciatura,EDUCACAO,False,0,0.45718982,0.6076877942864826,0.8334347557162063,0.55,0.9047619047619048,Média,2,2,0.7268555034054724,0.5603300600958911,0.7268555034054724,Alta,Implantar curso,Implantação,True,True,True,False,Fase 2 - Prioridade Alta para Estudo de Implantação
Vigia,Saúde Coletiva,Bacharelado,SAUDE,False,0,0.45718982,0.5207756646260481,0.6161544315651202,0.4,0.9047619047619048,Média,2,2,0.6164617834695707,0.4864547498845218,0.6164617834695707,Alta,Implantar curso,Implantação,True,True,True,False,Fase 2 - Prioridade Alta para Estudo de Implantação
Vigia,Engenharia Florestal,Bacharelado,ENGENHARIA_TEC,False,0,0.45718982,0.4795081317914045,0.5129855994785112,0.35,0.9047619047619048,Média,2,2,0.5682893155975254,0.4513773469750748,0.5682893155975254,Alta,Implantar curso,Implantação,True,True,True,False,Fase 2 - Prioridade Alta para Estudo de Implantação
Vigia,Fonoaudiologia,Bacharelado,SAUDE,False,0,0.45718982,0.5207756646260481,0.6161544315651202,0.4,0.9047619047619048,Média,2,2,0.6164617834695707,0.4864547498845218,0.6164617834695707,Alta,Implantar curso,Implantação,True,True,True,False,Fase 2 - Prioridade Alta para Estudo de Implantação
Vigia,Educação Física (Bacharelado),Bacharelado,SAUDE,False,0,0.45718982,0.5207756646260481,0.6161544315651202,0.4,0.9047619047619048,Média,2,2,0.6164617834695707,0.4864547498845218,0.6164617834695707,Alta,Implantar curso,Implantação,True,True,True,False,Fase 2 - Prioridade Alta para Estudo de Implantação
Vigia,Terapia Ocupacional,Bacharelado,SAUDE,False,0,0.45718982,0.5207756646260481,0.6161544315651202,0.4,0.9047619047619048,Média,2,2,0.6164617834695707,0.4864547498845218,0.6164617834695707,Alta,Implantar curso,Implantação,True,True,True,False,Fase 2 - Prioridade Alta para Estudo de Implantação
Vigia,Engenharia Ambiental e Sanitária,Bacharelado,ENGENHARIA_TEC,False,0,0.45718982,0.5390387481211334,0.6618121403028336,0.35,0.9047619047619048,Média,2,2,0.6233551357025247,0.5019783708553444,0.6233551357025247,Alta,Implantar curso,Implantação,True,True,True,False,Fase 2 - Prioridade Alta para Estudo de Implantação
Vigia,Enfermagem,Bacharelado,SAUDE,False,0,0.45718982,0.5207756646260481,0.6161544315651202,0.4,0.9047619047619048,Média,2,2,0.6164617834695707,0.4864547498845218,0.6164617834695707,Alta,Implantar curso,Implantação,True,True,True,False,Fase 2 - Prioridade Alta para Estudo de Implantação
Vigia,Medicina,Bacharelado,SAUDE,False,0,0.45718982,0.5207756646260481,0.6161544315651202,0.4,0.9047619047619048,Média,2,2,0.6164617834695707,0.4864547498845218,0.6164617834695707,Alta,Implantar curso,Implantação,True,True,True,False,Fase 2 - Prioridade Alta para Estudo de Implantação
Vigia,Tecnologia de Alimentos,Tecnólogo,ENGENHARIA_TEC,False,0,0.45718982,0.4795081317914045,0.5129855994785112,0.35,0.9047619047619048,Média,2,2,0.5682893155975254,0.4513773469750748,0.5682893155975254,Alta,Implantar curso,Implantação,True,True,True,False,Fase 2 - Prioridade Alta para Estudo de Implantação
Vigia,Fisioterapia,Bacharelado,SAUDE,False,0,0.45718982,0.5207756646260481,0.6161544315651202,0.4,0.9047619047619048,Média,2,2,0.6164617834695707,0.4864547498845218,0.6164617834695707,Alta,Implantar curso,Implantação,True,True,True,False,Fase 2 - Prioridade Alta para Estudo de Implantação
Vigia,Biomedicina,Bacharelado,SAUDE,False,0,0.45718982,0.5207756646260481,0.6161544315651202,0.4,0.9047619047619048,Média,2,2,0.6164617834695707,0.4864547498845218,0.6164617834695707,Alta,Implantar curso,Implantação,True,True,True,False,Fase 2 - Prioridade Alta para Estudo de Implantação
Vigia,Secretariado Executivo Trilíngue,Bacharelado,GESTAO_NEGOCIOS,False,0,0.45718982,0.4795081317914045,0.5129855994785112,0.4,0.9047619047619048,Média,2,2,0.5782893155975254,0.4513773469750748,0.5782893155975254,Alta,Implantar curso,Implantação,True,True,True,False,Fase 2 - Prioridade Alta para Estudo de Implantação
Vigia,Relações Internacionais,Bacharelado,GESTAO_NEGOCIOS,False,0,0.45718982,0.4795081317914045,0.5129855994785112,0.4,0.9047619047619048,Média,2,2,0.5782893155975254,0.4513773469750748,0.5782893155975254,Alta,Implantar curso,Implantação,True,True,True,False,Fase 2 - Prioridade Alta para Estudo de Implantação
Vigia,Design,Bacharelado,GESTAO_NEGOCIOS,False,0,0.45718982,0.4795081317914045,0.5129855994785112,0.4,0.9047619047619048,Média,2,2,0.5782893155975254,0.4513773469750748,0.5782893155975254,Alta,Implantar curso,Implantação,True,True,True,False,Fase 2 - Prioridade Alta para Estudo de Implantação
Vigia,Engenharia Civil,Bacharelado,ENGENHARIA_TEC,False,0,0.45718982,0.5390387481211334,0.6618121403028336,0.35,0.9047619047619048,Média,2,2,0.6233551357025247,0.5019783708553444,0.6233551357025247,Alta,Implantar curso,Implantação,True,True,True,False,Fase 2 - Prioridade Alta para Estudo de Implantação
Vigia,Tecnologia em Comércio Exterior,Tecnólogo,GESTAO_NEGOCIOS,False,0,0.45718982,0.4795081317914045,0.5129855994785112,0.4,0.9047619047619048,Média,2,2,0.5782893155975254,0.4513773469750748,0.5782893155975254,Alta,Implantar curso,Implantação,True,True,True,False,Fase 2 - Prioridade Alta para Estudo de Implantação
Vigia,Engenharia de Produção,Bacharelado,ENGENHARIA_TEC,False,0,0.45718982,0.4795081317914045,0.5129855994785112,0.35,0.9047619047619048,Média,2,2,0.5682893155975254,0.4513773469750748,0.5682893155975254,Alta,Implantar curso,Implantação,True,True,True,False,Fase 2 - Prioridade Alta para Estudo de Implantação
Vigia,Engenharia de Software,Bacharelado,ENGENHARIA_TEC,False,0,0.45718982,0.4795081317914045,0.5129855994785112,0.35,0.9047619047619048,Média,2,2,0.5682893155975254,0.4513773469750748,0.5682893155975254,Alta,Implantar curso,Implantação,True,True,True,False,Fase 2 - Prioridade Alta para Estudo de Implantação
